Chr,Start,End,Ref,Alt,Func.refGene,Gene.refGene,GeneDetail.refGene,ExonicFunc.refGene,AAChange.refGene,Func.ensGene,Gene.ensGene,GeneDetail.ensGene,ExonicFunc.ensGene,AAChange.ensGene,cytoBand,genomicSuperDups,PopFreqMax,1000G2012APR_ALL,1000G2012APR_AFR,1000G2012APR_AMR,1000G2012APR_ASN,1000G2012APR_EUR,ESP6500si_ALL,ESP6500si_AA,ESP6500si_EA,CG46,esp6500si_all,1000g2012apr_all,snp132,snp138,SIFT_score,SIFT_pred,Polyphen2_HDIV_score,Polyphen2_HDIV_pred,Polyphen2_HVAR_score,Polyphen2_HVAR_pred,LRT_score,LRT_pred,MutationTaster_score,MutationTaster_pred,MutationAssessor_score,MutationAssessor_pred,FATHMM_score,FATHMM_pred,RadialSVM_score,RadialSVM_pred,LR_score,LR_pred,VEST3_score,CADD_raw,CADD_phred,GERP++_RS,phyloP46way_placental,phyloP100way_vertebrate,SiPhy_29way_logOdds,gwasCatalog,targetScanS,cosmic70,caddgt20,nci60,clinvar_20140929
chr1,752894,752894,T,C,"ncRNA_exonic","FAM87B",".",.,.,"ncRNA_exonic","ENSG00000177757,ENSG00000240453",".",.,.,"1p36.33","Score=0.942471;Name=chr8:324401",0.83,0.74,0.52,0.79,0.83,0.8,.,.,.,0.29,.,"0.74","rs3131971","rs3131971",.,.,.,.,.,.,.,.,.,.,.,.,.,.,.,.,.,.,.,.,.,.,.,.,.,.,.,.,.,.,.
chr1,854978,854978,A,C,"ncRNA_exonic","LOC100130417",".",.,.,"ncRNA_exonic","ENSG00000223764",".",.,.,"1p36.33",.,0.59,0.51,0.33,0.48,0.57,0.59,.,.,.,0.46,.,"0.51","rs13303057","rs13303057",.,.,.,.,.,.,.,.,.,.,.,.,.,.,.,.,.,.,.,.,.,.,.,.,.,.,.,.,.,.,.
chr1,876499,876499,A,G,"intronic","SAMD11",".",.,.,"intronic","ENSG00000187634",".",.,.,"1p36.33",.,0.95,0.92,0.86,0.92,0.92,0.95,0.92,0.88,0.94,0.87,"0.919290","0.92","rs4372192","rs4372192",.,.,.,.,.,.,.,.,.,.,.,.,.,.,.,.,.,.,.,.,.,.,.,.,.,.,.,.,.,"0.48",.
chr1,877715,877715,C,G,"intronic","SAMD11",".",.,.,"intronic","ENSG00000187634",".",.,.,"1p36.33",.,0.94,0.89,0.79,0.9,0.93,0.94,.,.,.,0.022,.,"0.89","rs6605066","rs6605066",.,.,.,.,.,.,.,.,.,.,.,.,.,.,.,.,.,.,.,.,.,.,.,.,.,.,.,.,.,.,.
chr1,878314,878314,G,C,"exonic","SAMD11",".","synonymous SNV","SAMD11:NM_152486:exon11:c.G1440C:p.G480G","exonic","ENSG00000187634",".","synonymous SNV","ENSG00000187634:ENST00000342066:exon11:c.G1440C:p.G480G","1p36.33",.,0.1,0.05,0.01,0.06,.,0.1,0.049,0.013,0.067,0.065,"0.048918","0.05",.,"rs142558220",0.34,T,.,.,.,.,0.001,D,1.000,N,.,.,.,.,-1.078,T,0.002,T,.,-1.167,0.091,0.115,-0.159,-0.015,2.372,.,.,.,.,"0.016",.
chr1,880482,880482,C,T,"exonic","NOC2L",".","nonsynonymous SNV","NOC2L:NM_015658:exon18:c.G2098A:p.E700K","exonic","ENSG00000188976",".","nonsynonymous SNV","ENSG00000188976:ENST00000327044:exon18:c.G2098A:p.E700K","1p36.33",.,.,.,.,.,.,.,.,.,.,.,.,.,.,.,0.9,T,0.005,B,0.005,B,0.657,N,1.000,N,0.345,N,1.95,T,-0.995,T,0.022,T,0.218,-0.071,3.655,-0.265,0.169,0.182,2.375,.,.,.,.,.,.
chr1,880486,880486,G,C,"exonic","NOC2L",".","nonsynonymous SNV","NOC2L:NM_015658:exon18:c.C2094G:p.D698E","exonic","ENSG00000188976",".","nonsynonymous SNV","ENSG00000188976:ENST00000327044:exon18:c.C2094G:p.D698E","1p36.33",.,.,.,.,.,.,.,.,.,.,.,.,.,.,.,1,T,0.0,B,0.001,B,0.429,N,1.000,N,-0.915,N,2.01,T,-1.014,T,0.013,T,0.071,-1.219,0.063,-4.03,-1.059,-1.535,2.397,.,.,.,.,.,.
chr1,880933,880933,G,C,"exonic","NOC2L",".","nonsynonymous SNV","NOC2L:NM_015658:exon17:c.C2018G:p.S673C","exonic","ENSG00000188976",".","nonsynonymous SNV","ENSG00000188976:ENST00000327044:exon17:c.C2018G:p.S673C","1p36.33",.,.,.,.,.,.,.,.,.,.,.,.,.,.,.,0.05,D,0.008,B,0.01,B,0.179,N,1.000,N,1.39,L,-0.22,T,-0.843,T,0.193,T,0.284,1.390,10.58,-1.23,-0.032,0.593,12.76,.,.,.,.,.,.
chr1,880994,880994,T,C,"exonic","NOC2L",".","nonsynonymous SNV","NOC2L:NM_015658:exon17:c.A1957G:p.M653V","exonic","ENSG00000188976",".","nonsynonymous SNV","ENSG00000188976:ENST00000327044:exon17:c.A1957G:p.M653V","1p36.33",.,.,.,.,.,.,.,.,.,.,.,.,.,.,.,0.78,T,0.0,B,0.0,B,0.936,N,1.000,N,-1.905,N,-0.14,T,-1.014,T,0.041,T,0.009,-2.913,0.001,-2.27,-0.239,-0.779,1.806,.,.,.,.,.,.
chr1,881588,881588,G,A,"exonic","NOC2L",".","nonsynonymous SNV","NOC2L:NM_015658:exon16:c.C1882T:p.R628W","exonic","ENSG00000188976",".","nonsynonymous SNV","ENSG00000188976:ENST00000327044:exon16:c.C1882T:p.R628W","1p36.33",.,0.0013,0.0005,.,.,.,0.0013,.,.,.,.,.,"0.0005",.,"rs145695271",0.03,D,0.368,B,0.051,B,0.000,D,0.965,D,1.905,M,-0.26,T,-0.596,T,0.217,T,0.437,1.916,12.36,4.31,2.462,4.029,10.366,.,.,.,.,.,.
chr1,881593,881593,C,T,"exonic","NOC2L",".","nonsynonymous SNV","NOC2L:NM_015658:exon16:c.G1877A:p.R626H","exonic","ENSG00000188976",".","nonsynonymous SNV","ENSG00000188976:ENST00000327044:exon16:c.G1877A:p.R626H","1p36.33",.,.,.,.,.,.,.,.,.,.,.,.,.,.,.,0.41,T,1.0,D,0.999,D,0.000,D,1.000,D,2.125,M,-0.14,T,-0.450,T,0.372,T,0.57,2.560,14.52,3.86,1.220,5.129,12.155,.,.,.,.,.,.
chr1,881603,881603,G,A,"exonic","NOC2L",".","nonsynonymous SNV","NOC2L:NM_015658:exon16:c.C1867T:p.R623C","exonic","ENSG00000188976",".","nonsynonymous SNV","ENSG00000188976:ENST00000327044:exon16:c.C1867T:p.R623C","1p36.33",.,.,.,.,.,.,.,.,.,.,.,.,.,.,.,0.08,T,0.371,B,0.133,B,0.000,D,0.991,D,1.385,L,-0.18,T,-0.935,T,0.154,T,0.447,1.848,12.14,1.94,0.448,2.027,7.774,.,.,.,.,.,.
chr1,881627,881627,G,A,"exonic","NOC2L",".","synonymous SNV","NOC2L:NM_015658:exon16:c.C1843T:p.L615L","exonic","ENSG00000188976",".","synonymous SNV","ENSG00000188976:ENST00000327044:exon16:c.C1843T:p.L615L","1p36.33",.,0.64,0.47,0.08,0.46,0.61,0.63,0.47,0.16,0.64,0.42,"0.474777","0.47","rs2272757","rs2272757",.,.,.,.,.,.,.,.,.,.,.,.,.,.,.,.,.,.,.,.,.,.,.,.,.,.,.,.,.,"0.52",.
chr1,881631,881631,T,G,"exonic","NOC2L",".","synonymous SNV","NOC2L:NM_015658:exon16:c.A1839C:p.T613T","exonic","ENSG00000188976",".","synonymous SNV","ENSG00000188976:ENST00000327044:exon16:c.A1839C:p.T613T","1p36.33",.,.,.,.,.,.,.,.,.,.,.,.,.,.,.,.,.,.,.,.,.,.,.,.,.,.,.,.,.,.,.,.,.,.,.,.,.,.,.,.,.,.,.,.,.,.
chr1,883951,883951,T,C,"exonic","NOC2L",".","synonymous SNV","NOC2L:NM_015658:exon13:c.A1476G:p.P492P","exonic","ENSG00000188976",".","synonymous SNV","ENSG00000188976:ENST00000327044:exon13:c.A1476G:p.P492P","1p36.33",.,.,.,.,.,.,.,.,.,.,.,.,.,.,.,.,.,.,.,.,.,.,.,.,.,.,.,.,.,.,.,.,.,.,.,.,.,.,.,.,.,.,.,.,.,.
chr1,883961,883961,T,C,"exonic","NOC2L",".","nonsynonymous SNV","NOC2L:NM_015658:exon13:c.A1466G:p.N489S","exonic","ENSG00000188976",".","nonsynonymous SNV","ENSG00000188976:ENST00000327044:exon13:c.A1466G:p.N489S","1p36.33",.,.,.,.,.,.,.,.,.,.,.,.,.,.,.,0.04,D,0.059,B,0.15,B,0.000,D,1.000,D,1.335,L,0.96,T,-1.009,T,0.110,T,0.119,2.614,14.70,4.38,0.899,7.546,11.856,.,.,.,.,.,.
chr1,886528,886528,C,T,"exonic","NOC2L",".","synonymous SNV","NOC2L:NM_015658:exon12:c.G1422A:p.P474P","exonic","ENSG00000188976",".","synonymous SNV","ENSG00000188976:ENST00000327044:exon12:c.G1422A:p.P474P","1p36.33",.,0.0007,.,.,.,.,.,0.0005,.,0.0007,.,"0.000463",.,.,"rs140822917",.,.,.,.,.,.,.,.,.,.,.,.,.,.,.,.,.,.,.,.,.,.,.,.,.,.,.,.,.,.,.
chr1,886591,886591,C,T,"exonic","NOC2L",".","synonymous SNV","NOC2L:NM_015658:exon12:c.G1359A:p.P453P","exonic","ENSG00000188976",".","synonymous SNV","ENSG00000188976:ENST00000327044:exon12:c.G1359A:p.P453P","1p36.33",.,.,.,.,.,.,.,.,.,.,.,.,.,.,.,.,.,.,.,.,.,.,.,.,.,.,.,.,.,.,.,.,.,.,.,.,.,.,.,.,.,.,.,.,.,.
chr1,887411,887411,G,A,"exonic","NOC2L",".","nonsynonymous SNV","NOC2L:NM_015658:exon11:c.C1300T:p.P434S","exonic","ENSG00000188976",".","nonsynonymous SNV","ENSG00000188976:ENST00000327044:exon11:c.C1300T:p.P434S","1p36.33",.,.,.,.,.,.,.,.,.,.,.,.,.,.,.,0.02,D,0.825,P,0.589,P,0.000,D,1.000,D,3.435,M,0.32,T,0.007,D,0.384,T,0.893,3.382,17.41,4.3,2.312,9.025,16.619,.,.,.,.,.,.
chr1,887417,887417,C,A,"exonic","NOC2L",".","nonsynonymous SNV","NOC2L:NM_015658:exon11:c.G1294T:p.V432F","exonic","ENSG00000188976",".","nonsynonymous SNV","ENSG00000188976:ENST00000327044:exon11:c.G1294T:p.V432F","1p36.33",.,.,.,.,.,.,.,.,.,.,.,.,.,.,.,0.03,D,0.005,B,0.016,B,0.003,N,0.641,N,1.24,L,0.77,T,-1.026,T,0.084,T,0.393,1.302,10.26,0.824,0.059,1.166,4.430,.,.,.,.,.,.
chr1,887424,887424,C,T,"exonic","NOC2L",".","synonymous SNV","NOC2L:NM_015658:exon11:c.G1287A:p.Q429Q","exonic","ENSG00000188976",".","synonymous SNV","ENSG00000188976:ENST00000327044:exon11:c.G1287A:p.Q429Q","1p36.33",.,.,.,.,.,.,.,.,.,.,.,.,.,.,.,.,.,.,.,.,.,.,.,.,.,.,.,.,.,.,.,.,.,.,.,.,.,.,.,.,.,.,.,.,.,.
chr1,887446,887446,G,A,"exonic","NOC2L",".","nonsynonymous SNV","NOC2L:NM_015658:exon11:c.C1265T:p.A422V","exonic","ENSG00000188976",".","nonsynonymous SNV","ENSG00000188976:ENST00000327044:exon11:c.C1265T:p.A422V","1p36.33",.,.,.,.,.,.,.,.,.,.,.,.,.,.,.,1,T,0.001,B,0.002,B,0.074,N,1.000,N,0.485,N,0.89,T,-1.049,T,0.054,T,0.069,-1.929,0.008,0.501,-0.024,3.803,2.993,.,.,"ID=COSM3401067;OCCURENCE=1(central_nervous_system)",.,.,.
chr1,887487,887487,A,G,"exonic","NOC2L",".","synonymous SNV","NOC2L:NM_015658:exon11:c.T1224C:p.Y408Y","exonic","ENSG00000188976",".","synonymous SNV","ENSG00000188976:ENST00000327044:exon11:c.T1224C:p.Y408Y","1p36.33",.,.,.,.,.,.,.,.,.,.,.,.,.,.,.,.,.,.,.,.,.,.,.,.,.,.,.,.,.,.,.,.,.,.,.,.,.,.,.,.,.,.,.,.,.,.
chr1,887801,887801,A,G,"exonic","NOC2L",".","synonymous SNV","NOC2L:NM_015658:exon10:c.T1182C:p.T394T","exonic","ENSG00000188976",".","synonymous SNV","ENSG00000188976:ENST00000327044:exon10:c.T1182C:p.T394T","1p36.33",.,0.95,0.93,0.9,0.92,0.92,0.95,0.93,0.91,0.94,0.91,"0.927418","0.93","rs3828047","rs3828047",.,.,.,.,.,.,.,.,.,.,.,.,.,.,.,.,.,.,.,.,.,.,.,.,.,.,.,.,.,"0.87",.
chr1,887817,887817,C,T,"exonic","NOC2L",".","nonsynonymous SNV","NOC2L:NM_015658:exon10:c.G1166A:p.R389H","exonic","ENSG00000188976",".","nonsynonymous SNV","ENSG00000188976:ENST00000327044:exon10:c.G1166A:p.R389H","1p36.33",.,.,.,.,.,.,.,.,.,.,.,.,.,.,.,0.02,D,0.861,P,0.467,P,0.000,D,1.000,D,3.445,M,-0.09,T,0.042,D,0.388,T,0.938,4.256,22.2,4.43,2.169,7.421,16.409,.,.,.,"4.256024",.,.
chr1,887881,887881,G,A,"exonic","NOC2L",".","synonymous SNV","NOC2L:NM_015658:exon10:c.C1102T:p.L368L","exonic","ENSG00000188976",".","synonymous SNV","ENSG00000188976:ENST00000327044:exon10:c.C1102T:p.L368L","1p36.33",.,.,.,.,.,.,.,.,.,.,.,.,.,.,.,.,.,.,.,.,.,.,.,.,.,.,.,.,.,.,.,.,.,.,.,.,.,.,.,.,.,.,.,.,.,.
chr1,887895,887895,G,C,"exonic","NOC2L",".","nonsynonymous SNV","NOC2L:NM_015658:exon10:c.C1088G:p.T363R","exonic","ENSG00000188976",".","nonsynonymous SNV","ENSG00000188976:ENST00000327044:exon10:c.C1088G:p.T363R","1p36.33",.,.,.,.,.,.,.,.,.,.,.,.,.,.,.,0.03,D,0.503,P,0.41,B,0.000,D,1.000,D,1.445,L,-0.23,T,-0.572,T,0.271,T,0.787,2.498,14.31,3.98,1.036,6.367,12.384,.,.,.,.,.,.
chr1,887899,887899,A,G,"exonic","NOC2L",".","synonymous SNV","NOC2L:NM_015658:exon10:c.T1084C:p.L362L","exonic","ENSG00000188976",".","synonymous SNV","ENSG00000188976:ENST00000327044:exon10:c.T1084C:p.L362L","1p36.33",.,.,.,.,.,.,.,.,.,.,.,.,.,.,.,.,.,.,.,.,.,.,.,.,.,.,.,.,.,.,.,.,.,.,.,.,.,.,.,.,.,.,.,.,.,.
chr1,887905,887905,A,G,"exonic","NOC2L",".","nonsynonymous SNV","NOC2L:NM_015658:exon10:c.T1078C:p.W360R","exonic","ENSG00000188976",".","nonsynonymous SNV","ENSG00000188976:ENST00000327044:exon10:c.T1078C:p.W360R","1p36.33",.,.,.,.,.,.,.,.,.,.,.,.,.,.,.,1,T,0.0,B,0.0,B,0.000,N,1.000,N,-2.495,N,-0.22,T,-0.947,T,0.043,T,0.202,-0.704,0.959,3.96,0.444,2.373,8.120,.,.,.,.,.,.
chr1,887967,887967,G,A,"exonic","NOC2L",".","nonsynonymous SNV","NOC2L:NM_015658:exon10:c.C1016T:p.T339M","exonic","ENSG00000188976",".","nonsynonymous SNV","ENSG00000188976:ENST00000327044:exon10:c.C1016T:p.T339M","1p36.33",.,0.0035,0.0009,.,.,0.0035,.,0.0002,.,0.0002,.,"0.000154","0.0009",.,"rs199569261",0.19,T,0.381,B,0.073,B,0.044,N,0.958,N,1.125,L,-0.27,T,-0.961,T,0.167,T,0.257,1.798,11.97,3.17,0.514,4.465,10.130,.,.,.,.,.,.
chr1,888633,888633,A,G,"exonic","NOC2L",".","synonymous SNV","NOC2L:NM_015658:exon9:c.T924C:p.S308S","exonic","ENSG00000188976",".","synonymous SNV","ENSG00000188976:ENST00000327044:exon9:c.T924C:p.S308S","1p36.33",.,.,.,.,.,.,.,.,.,.,.,.,.,.,.,.,.,.,.,.,.,.,.,.,.,.,.,.,.,.,.,.,.,.,.,.,.,.,.,.,.,.,.,.,.,.
chr1,888639,888639,T,C,"exonic","NOC2L",".","synonymous SNV","NOC2L:NM_015658:exon9:c.A918G:p.E306E","exonic","ENSG00000188976",".","synonymous SNV","ENSG00000188976:ENST00000327044:exon9:c.A918G:p.E306E","1p36.33",.,0.95,0.93,0.9,0.92,0.92,0.95,0.93,0.91,0.94,0.91,"0.927264","0.93","rs3748596","rs3748596",.,.,.,.,.,.,.,.,.,.,.,.,.,.,.,.,.,.,.,.,.,.,.,.,.,.,.,.,.,"0.87",.
chr1,888645,888645,A,T,"exonic","NOC2L",".","synonymous SNV","NOC2L:NM_015658:exon9:c.T912A:p.T304T","exonic","ENSG00000188976",".","synonymous SNV","ENSG00000188976:ENST00000327044:exon9:c.T912A:p.T304T","1p36.33",.,.,.,.,.,.,.,.,.,.,.,.,.,.,.,.,.,.,.,.,.,.,.,.,.,.,.,.,.,.,.,.,.,.,.,.,.,.,.,.,.,.,.,.,.,.
chr1,888659,888659,T,C,"exonic","NOC2L",".","nonsynonymous SNV","NOC2L:NM_015658:exon9:c.A898G:p.I300V","exonic","ENSG00000188976",".","nonsynonymous SNV","ENSG00000188976:ENST00000327044:exon9:c.A898G:p.I300V","1p36.33",.,0.95,0.93,0.9,0.92,0.92,0.95,0.93,0.91,0.94,0.91,"0.927330","0.93","rs3748597","rs3748597",1,T,0.0,B,0.0,B,0.070,N,1.000,P,-2.24,N,-0.39,T,-0.957,T,0.000,T,0.091,-2.241,0.004,4.28,0.578,0.538,7.695,.,.,.,.,"0.87",.
chr1,889210,889210,C,T,"exonic","NOC2L",".","synonymous SNV","NOC2L:NM_015658:exon8:c.G840A:p.L280L","exonic","ENSG00000188976",".","synonymous SNV","ENSG00000188976:ENST00000327044:exon8:c.G840A:p.L280L","1p36.33",.,.,.,.,.,.,.,.,.,.,.,.,.,.,.,.,.,.,.,.,.,.,.,.,.,.,.,.,.,.,.,.,.,.,.,.,.,.,.,.,.,.,.,.,.,.
chr1,889227,889227,G,A,"exonic","NOC2L",".","nonsynonymous SNV","NOC2L:NM_015658:exon8:c.C823T:p.R275W","exonic","ENSG00000188976",".","nonsynonymous SNV","ENSG00000188976:ENST00000327044:exon8:c.C823T:p.R275W","1p36.33",.,0.0002,.,.,.,.,.,0.0002,0.0002,0.0001,.,"0.000154",.,.,.,0.04,D,0.031,B,0.016,B,0.032,N,0.983,N,1.01,L,1.84,T,-1.029,T,0.054,T,0.393,2.461,14.19,4.28,2.217,3.798,15.865,.,.,.,.,.,.
chr1,889638,889638,G,C,"intronic","NOC2L",".",.,.,"intronic","ENSG00000188976",".",.,.,"1p36.33",.,0.94,0.91,0.83,0.9,0.92,0.94,.,.,.,0.86,.,"0.91","rs13303206","rs13303206",.,.,.,.,.,.,.,.,.,.,.,.,.,.,.,.,.,.,.,.,.,.,.,.,.,.,.,.,.,.,.
chr1,889713,889713,C,A,"intronic","NOC2L",".",.,.,"intronic","ENSG00000188976",".",.,.,"1p36.33",.,0.94,0.9,0.83,0.9,0.92,0.94,.,.,.,0.84,.,"0.90","rs13303051","rs13303051",.,.,.,.,.,.,.,.,.,.,.,.,.,.,.,.,.,.,.,.,.,.,.,.,.,.,.,.,.,.,.
chr1,892309,892309,C,G,"exonic","NOC2L",".","nonsynonymous SNV","NOC2L:NM_015658:exon4:c.G451C:p.V151L","exonic","ENSG00000188976",".","nonsynonymous SNV","ENSG00000188976:ENST00000327044:exon4:c.G451C:p.V151L","1p36.33","Score=0.910643;Name=chr2:130985659",.,.,.,.,.,.,.,.,.,.,.,.,.,.,1,T,0.0,B,0.0,B,0.035,N,1.000,N,-1.96,N,2.1,T,-0.961,T,0.008,T,0.054,-2.003,0.007,1.53,0.429,0.818,1.968,.,.,.,.,.,.
chr1,892323,892323,G,C,"exonic","NOC2L",".","nonsynonymous SNV","NOC2L:NM_015658:exon4:c.C437G:p.S146C","exonic","ENSG00000188976",".","nonsynonymous SNV","ENSG00000188976:ENST00000327044:exon4:c.C437G:p.S146C","1p36.33","Score=0.910643;Name=chr2:130985659",.,.,.,.,.,.,.,.,.,.,.,.,.,.,0.09,T,0.0,B,0.001,B,0.662,N,1.000,N,0.695,N,1.85,T,-0.994,T,0.037,T,0.071,0.884,8.586,-0.967,-0.099,0.107,2.727,.,.,.,.,.,.
chr1,892745,892745,G,A,"intronic","NOC2L",".",.,.,"intronic","ENSG00000188976",".",.,.,"1p36.33","Score=0.910643;Name=chr2:130985659",0.95,0.93,0.9,0.92,0.92,0.95,.,.,.,0.91,.,"0.93","rs13303227","rs13303227",.,.,.,.,.,.,.,.,.,.,.,.,.,.,.,.,.,.,.,.,.,.,.,.,.,.,.,.,.,.,.
chr1,897325,897325,G,C,"exonic","KLHL17",".","synonymous SNV","KLHL17:NM_198317:exon4:c.G609C:p.A203A","exonic","ENSG00000187961",".","synonymous SNV","ENSG00000187961:ENST00000338591:exon4:c.G609C:p.A203A","1p36.33",.,0.94,0.87,0.71,0.88,0.92,0.94,0.86,0.73,0.93,0.77,"0.858890","0.87","rs4970441","rs4970441",.,.,.,.,.,.,.,.,.,.,.,.,.,.,.,.,.,.,.,.,.,.,.,.,.,.,.,.,.,"0.85",.
chr1,897564,897564,T,C,"intronic","KLHL17",".",.,.,"intronic","ENSG00000187961",".",.,.,"1p36.33",.,0.94,0.91,0.83,0.91,0.92,0.94,.,.,.,0.83,.,"0.91","rs13303229","rs13303229",.,.,.,.,.,.,.,.,.,.,.,.,.,.,.,.,.,.,.,.,.,.,.,.,.,.,.,.,.,.,.
chr1,911595,911595,A,G,"exonic","PERM1",".","nonsynonymous SNV","PERM1:NM_001291366:exon4:c.T2330C:p.V777A,PERM1:NM_001291367:exon5:c.T2048C:p.V683A","exonic","ENSG00000187642",".","nonsynonymous SNV","ENSG00000187642:ENST00000341290:exon5:c.T1988C:p.V663A,ENSG00000187642:ENST00000433179:exon5:c.T2048C:p.V683A","1p36.33",.,0.93,0.74,0.41,0.77,0.93,0.78,.,.,.,0.7,.,"0.74","rs7417106","rs7417106",0,D,0.518,P,0.103,B,0.174,N,1.000,P,.,.,0.7,T,-1.052,T,0.000,T,0.123,1.739,11.77,2.15,0.265,0.190,6.784,.,.,.,.,.,.
chr1,982941,982941,T,C,"intronic","AGRN",".",.,.,"intronic","ENSG00000188157",".",.,.,"1p36.33",.,0.97,0.82,0.41,0.91,0.97,0.92,0.77,0.48,0.92,0.66,"0.766574","0.82","rs3128102","rs3128102",.,.,.,.,.,.,.,.,.,.,.,.,.,.,.,.,.,.,.,.,.,.,.,.,.,.,.,.,.,.,.
chr1,982994,982994,T,C,"exonic","AGRN",".","synonymous SNV","AGRN:NM_198576:exon21:c.T3558C:p.F1186F","exonic","ENSG00000188157",".","synonymous SNV","ENSG00000188157:ENST00000379370:exon21:c.T3558C:p.F1186F","1p36.33",.,0.99,0.84,0.49,0.91,0.99,0.92,0.79,0.54,0.92,0.72,"0.791173","0.84","rs10267","rs10267",.,.,.,.,.,.,.,.,.,.,.,.,.,.,.,.,.,.,.,.,.,.,.,.,.,.,.,.,.,"0.86","CLINSIG=non-pathogenic;CLNDBN=not_specified;CLNREVSTAT=single;CLNACC=RCV000116264.1;CLNDSDB=.;CLNDSDBID=."
chr1,984172,984173,AG,-,"intronic","AGRN",".",.,.,"intronic","ENSG00000188157",".",.,.,"1p36.33",.,0.78,0.53,0.21,0.59,0.78,0.52,.,.,.,0.033,.,"0.53",.,"rs140904842",.,.,.,.,.,.,.,.,.,.,.,.,.,.,.,.,.,.,.,.,.,.,.,.,.,.,.,.,.,.,.
chr1,984302,984302,T,C,"exonic","AGRN",".","synonymous SNV","AGRN:NM_198576:exon24:c.T4161C:p.T1387T","exonic","ENSG00000188157",".","synonymous SNV","ENSG00000188157:ENST00000379370:exon24:c.T4161C:p.T1387T","1p36.33",.,0.81,0.57,0.24,0.62,0.81,0.57,0.46,0.28,0.55,0.45,"0.458626","0.57","rs9442391","rs9442391",.,.,.,.,.,.,.,.,.,.,.,.,.,.,.,.,.,.,.,.,.,.,.,.,.,.,.,.,.,"0.16","CLINSIG=non-pathogenic;CLNDBN=not_specified;CLNREVSTAT=single;CLNACC=RCV000116269.1;CLNDSDB=.;CLNDSDBID=."
chr1,988503,988503,A,T,"intronic","AGRN",".",.,.,"intronic","ENSG00000188157",".",.,.,"1p36.33",.,1.,0.81,0.36,0.89,1.,0.91,.,.,.,0.7,.,"0.81","rs2799071","rs2799071",.,.,.,.,.,.,.,.,.,.,.,.,.,.,.,.,.,.,.,.,.,.,.,.,.,.,.,.,.,.,.
chr1,988932,988932,G,C,"intronic","AGRN",".",.,.,"intronic","ENSG00000188157",".",.,.,"1p36.33",.,1.,0.78,0.35,0.88,1.,0.86,.,.,.,0.69,.,"0.78","rs2710871","rs2710871",.,.,.,.,.,.,.,.,.,.,.,.,.,.,.,.,.,.,.,.,.,.,.,.,.,.,.,.,.,.,.
chr1,990280,990280,C,T,"exonic","AGRN",".","synonymous SNV","AGRN:NM_198576:exon36:c.C6057T:p.D2019D","exonic","ENSG00000188157",".","synonymous SNV","ENSG00000188157:ENST00000379370:exon36:c.C6057T:p.D2019D","1p36.33",.,0.8,0.62,0.26,0.69,0.8,0.69,0.58,0.33,0.71,0.52,"0.579155","0.62","rs4275402","rs4275402",.,.,.,.,.,.,.,.,.,.,.,.,.,.,.,.,.,.,.,.,.,.,.,.,.,.,.,.,.,"0.15","CLINSIG=non-pathogenic;CLNDBN=not_specified;CLNREVSTAT=single;CLNACC=RCV000116281.1;CLNDSDB=.;CLNDSDBID=."
chr1,990380,990380,C,T,"UTR3","AGRN","NM_198576:c.*19C>T",.,.,"UTR3","ENSG00000188157","ENST00000379370:c.*19C>T",.,.,"1p36.33",.,0.53,0.32,0.53,0.29,0.2,0.3,0.34,0.48,0.27,0.3,"0.341760","0.32","rs3121561","rs3121561",.,.,.,.,.,.,.,.,.,.,.,.,.,.,.,.,.,.,.,.,.,.,.,.,.,.,.,.,.,.,.
chr1,990417,990417,T,C,"UTR3","AGRN","NM_198576:c.*56T>C",.,.,"ncRNA_exonic","ENSG00000242590",".",.,.,"1p36.33",.,0.62,0.35,0.62,0.31,0.2,0.31,.,.,.,0.36,.,"0.35","rs2465136","rs2465136",.,.,.,.,.,.,.,.,.,.,.,.,.,.,.,.,.,.,.,.,.,.,.,.,.,.,.,.,.,.,.
chr1,990517,990517,C,T,"UTR3","AGRN","NM_198576:c.*156C>T",.,.,"ncRNA_exonic","ENSG00000242590",".",.,.,"1p36.33",.,1.,0.91,0.83,0.92,1.,0.88,.,.,.,0.67,.,"0.91","rs2710872","rs2710872",.,.,.,.,.,.,.,.,.,.,.,.,.,.,.,.,.,.,.,.,.,.,.,.,.,.,.,.,.,.,.
chr1,990806,990806,G,A,"UTR3","AGRN","NM_198576:c.*445G>A",.,.,"ncRNA_UTR3","ENSG00000188157",".",.,.,"1p36.33",.,1.,0.85,0.59,0.91,1.,0.87,.,.,.,0.77,.,"0.85","rs2799073","rs2799073",.,.,.,.,.,.,.,.,.,.,.,.,.,.,.,.,.,.,.,.,.,.,.,.,.,.,.,.,.,.,.
chr1,1017341,1017341,G,T,"UTR3","C1orf159","NM_017891:c.*932C>A",.,.,"UTR3","ENSG00000131591","ENST00000294576:c.*932C>A,ENST00000448924:c.*932C>A,ENST00000379339:c.*932C>A,ENST00000421241:c.*932C>A,ENST00000379325:c.*1131C>A,ENST00000467751:c.*1462C>A,ENST00000477196:c.*2616C>A",.,.,"1p36.33",.,0.91,0.8,0.8,0.78,0.91,0.71,.,.,.,0.78,.,"0.80","rs1133647","rs1133647",.,.,.,.,.,.,.,.,.,.,.,.,.,.,.,.,.,.,.,.,.,.,.,.,.,.,.,.,.,.,.
chr1,1018144,1018144,T,C,"UTR3","C1orf159","NM_017891:c.*129A>G",.,.,"UTR3","ENSG00000131591","ENST00000294576:c.*129A>G,ENST00000448924:c.*129A>G,ENST00000379339:c.*129A>G,ENST00000421241:c.*129A>G,ENST00000379325:c.*328A>G,ENST00000467751:c.*659A>G,ENST00000477196:c.*1813A>G,ENST00000379320:c.*129A>G,ENST00000379319:c.*129A>G",.,.,"1p36.33",.,0.77,0.56,0.26,0.63,0.77,0.56,.,.,.,0.49,.,"0.56","rs9442395","rs9442395",.,.,.,.,.,.,.,.,.,.,.,.,.,.,.,.,.,.,.,.,.,.,.,.,.,.,.,.,.,.,.
chr1,1018704,1018704,A,G,"intronic","C1orf159",".",.,.,"intronic","ENSG00000131591",".",.,.,"1p36.33",.,0.78,0.62,0.5,0.65,0.78,0.56,.,.,.,0.61,.,"0.62","rs9442372","rs9442372",.,.,.,.,.,.,.,.,.,.,.,.,.,.,.,.,.,.,.,.,.,.,.,.,.,.,.,.,.,.,.
chr1,1019175,1019175,C,G,"intronic","C1orf159",".",.,.,"intronic","ENSG00000131591",".",.,.,"1p36.33",.,0.9,0.71,0.46,0.75,0.9,0.72,.,.,.,0.66,.,"0.71","rs2298215","rs2298215",.,.,.,.,.,.,.,.,.,.,.,.,.,.,.,.,.,.,.,.,.,.,.,.,.,.,.,.,.,.,.
chr1,1019180,1019180,T,C,"intronic","C1orf159",".",.,.,"intronic","ENSG00000131591",".",.,.,"1p36.33",.,0.77,0.61,0.46,0.65,0.77,0.57,.,.,.,0.6,.,"0.61","rs9442396","rs9442396",.,.,.,.,.,.,.,.,.,.,.,.,.,.,.,.,.,.,.,.,.,.,.,.,.,.,.,.,.,.,.
chr1,1021346,1021346,A,G,"exonic","C1orf159",".","synonymous SNV","C1orf159:NM_017891:exon7:c.T357C:p.I119I","exonic","ENSG00000131591",".","synonymous SNV","ENSG00000131591:ENST00000379320:exon5:c.T357C:p.I119I,ENSG00000131591:ENST00000294576:exon7:c.T357C:p.I119I,ENSG00000131591:ENST00000379319:exon7:c.T357C:p.I119I,ENSG00000131591:ENST00000379325:exon7:c.T357C:p.I119I,ENSG00000131591:ENST00000421241:exon7:c.T357C:p.I119I,ENSG00000131591:ENST00000434641:exon7:c.T357C:p.I119I,ENSG00000131591:ENST00000437760:exon7:c.T357C:p.I119I,ENSG00000131591:ENST00000448924:exon8:c.T465C:p.I155I,ENSG00000131591:ENST00000379339:exon9:c.T465C:p.I155I","1p36.33",.,0.25,0.17,0.25,0.13,0.13,0.16,0.19,0.24,0.16,0.21,"0.187144","0.17","rs10907177","rs10907177",.,.,.,.,.,.,.,.,.,.,.,.,.,.,.,.,.,.,.,.,.,.,.,.,.,.,.,.,.,.,.
chr1,1026707,1026707,C,A,"intronic","C1orf159",".",.,.,"exonic","ENSG00000131591",".","synonymous SNV","ENSG00000131591:ENST00000427787:exon4:c.G120T:p.G40G,ENSG00000131591:ENST00000467751:exon4:c.G120T:p.G40G,ENSG00000131591:ENST00000477196:exon4:c.G120T:p.G40G","1p36.33",.,0.94,0.65,0.38,0.65,0.94,0.6,.,.,.,0.45,.,"0.65","rs4074137","rs4074137",.,.,.,.,.,.,.,.,.,.,.,.,.,.,.,.,.,.,.,.,.,.,.,.,.,.,.,.,.,.,.
chr1,1026801,1026801,T,A,"intronic","C1orf159",".",.,.,"intronic","ENSG00000131591",".",.,.,"1p36.33",.,0.87,0.65,0.39,0.72,0.87,0.61,0.56,0.42,0.62,0.52,"0.555507","0.65","rs4562563","rs4562563",.,.,.,.,.,.,.,.,.,.,.,.,.,.,.,.,.,.,.,.,.,.,.,.,.,.,.,.,.,.,.
chr1,1109782,1109782,G,A,"intronic","TTLL10",".",.,.,"ncRNA_exonic","ENSG00000205231",".",.,.,"1p36.33",.,0.19,0.16,0.17,0.17,0.13,0.19,.,.,.,0.13,.,"0.16","rs72894004","rs72894004",.,.,.,.,.,.,.,.,.,.,.,.,.,.,.,.,.,.,.,.,.,.,.,.,.,.,.,.,.,.,.
chr1,1115994,1115994,G,A,"intronic","TTLL10",".",.,.,"intronic","ENSG00000162571",".",.,.,"1p36.33",.,0.42,0.23,0.42,0.2,0.19,0.14,0.22,0.39,0.14,0.11,"0.221928","0.23","rs13376597","rs13376597",.,.,.,.,.,.,.,.,.,.,.,.,.,.,.,.,.,.,.,.,.,.,.,.,.,.,.,.,.,"0.049",.
chr1,1147422,1147422,C,T,"exonic","TNFRSF4",".","synonymous SNV","TNFRSF4:NM_003327:exon5:c.G534A:p.E178E","exonic","ENSG00000186827",".","synonymous SNV","ENSG00000186827:ENST00000379236:exon5:c.G534A:p.E178E","1p36.33",.,0.76,0.45,0.47,0.48,0.76,0.21,0.26,0.38,0.21,0.48,"0.264224","0.45","rs17568","rs17568",.,.,.,.,.,.,.,.,0.000,P,.,.,.,.,-1.014,T,0.000,T,.,0.327,5.772,0.346,0.250,0.431,2.974,.,.,.,.,"0.18",.
chr1,1156131,1156131,T,C,"intronic","SDF4",".",.,.,"intronic","ENSG00000078808",".",.,.,"1p36.33",.,0.83,0.46,0.53,0.41,0.83,0.17,.,.,.,0.55,.,"0.46","rs2887286","rs2887286",.,.,.,.,.,.,.,.,.,.,.,.,.,.,.,.,.,.,.,.,.,.,.,.,.,.,.,.,.,.,.
chr1,1158631,1158631,A,G,"exonic","SDF4",".","synonymous SNV","SDF4:NM_016176:exon4:c.T570C:p.D190D,SDF4:NM_016547:exon4:c.T570C:p.D190D","exonic","ENSG00000078808",".","synonymous SNV","ENSG00000078808:ENST00000263741:exon4:c.T570C:p.D190D,ENSG00000078808:ENST00000360001:exon4:c.T570C:p.D190D,ENSG00000078808:ENST00000465727:exon4:c.T570C:p.D190D,ENSG00000078808:ENST00000545427:exon4:c.T570C:p.D190D","1p36.33",.,1.,0.94,1.,0.93,1.,0.87,0.92,0.98,0.89,0.96,"0.919960","0.94","rs6603781","rs6603781",.,.,.,.,.,.,.,.,0.000,P,.,.,.,.,.,.,.,.,.,-1.117,0.128,-8.16,-2.462,-0.115,17.336,.,.,.,.,"0.79",.
chr1,1239339,1239339,T,G,"intronic","ACAP3",".",.,.,"intronic","ENSG00000131584",".",.,.,"1p36.33",.,0.92,0.75,0.32,0.83,0.84,0.92,.,.,.,0.63,.,"0.75","rs11260584","rs11260584",.,.,.,.,.,.,.,.,.,.,.,.,.,.,.,.,.,.,.,.,.,.,.,.,.,.,.,.,.,.,.
chr1,1246004,1246004,A,G,"intronic","PUSL1",".",.,.,"intronic","ENSG00000169972",".",.,.,"1p36.33",.,0.99,0.96,0.99,0.99,0.91,0.97,0.98,0.99,0.97,0.98,"0.976857","0.96","rs2296474","rs2296474",.,.,.,.,.,.,.,.,.,.,.,.,.,.,.,.,.,.,.,.,.,.,.,.,.,.,.,.,.,"0.98",.
chr1,1247494,1247494,T,C,"exonic","CPSF3L",".","synonymous SNV","CPSF3L:NM_001256462:exon14:c.A1347G:p.P449P,CPSF3L:NM_001256463:exon14:c.A1338G:p.P446P,CPSF3L:NM_017871:exon16:c.A1641G:p.P547P,CPSF3L:NM_001256460:exon17:c.A1554G:p.P518P,CPSF3L:NM_001256456:exon18:c.A1659G:p.P553P","exonic","ENSG00000127054",".","synonymous SNV","ENSG00000127054:ENST00000421495:exon13:c.A867G:p.P289P,ENSG00000127054:ENST00000411962:exon14:c.A1347G:p.P449P,ENSG00000127054:ENST00000419704:exon14:c.A1338G:p.P446P,ENSG00000127054:ENST00000435064:exon16:c.A1641G:p.P547P,ENSG00000127054:ENST00000450926:exon16:c.A1575G:p.P525P,ENSG00000127054:ENST00000545578:exon17:c.A1554G:p.P518P,ENSG00000127054:ENST00000540437:exon18:c.A1659G:p.P553P","1p36.33",.,0.81,0.39,0.11,0.51,0.02,0.81,0.6,0.2,0.81,0.21,"0.600898","0.39","rs12103","rs12103",.,.,.,.,.,.,.,.,.,.,.,.,.,.,.,.,.,.,.,.,.,.,.,.,.,"Name=Inflammatory bowel disease",.,.,.,"0.40",.
chr1,1247626,1247626,G,A,"exonic","CPSF3L",".","synonymous SNV","CPSF3L:NM_001256462:exon13:c.C1293T:p.R431R,CPSF3L:NM_001256463:exon13:c.C1284T:p.R428R,CPSF3L:NM_017871:exon15:c.C1587T:p.R529R,CPSF3L:NM_001256460:exon16:c.C1500T:p.R500R,CPSF3L:NM_001256456:exon17:c.C1605T:p.R535R","exonic","ENSG00000127054",".","synonymous SNV","ENSG00000127054:ENST00000421495:exon12:c.C813T:p.R271R,ENSG00000127054:ENST00000411962:exon13:c.C1293T:p.R431R,ENSG00000127054:ENST00000419704:exon13:c.C1284T:p.R428R,ENSG00000127054:ENST00000435064:exon15:c.C1587T:p.R529R,ENSG00000127054:ENST00000450926:exon15:c.C1521T:p.R507R,ENSG00000127054:ENST00000545578:exon16:c.C1500T:p.R500R,ENSG00000127054:ENST00000540437:exon17:c.C1605T:p.R535R","1p36.33",.,0.0027,.,.,.,.,.,0.0019,0.0005,0.0027,.,"0.001914",.,.,"rs201688337",.,.,.,.,.,.,.,.,.,.,.,.,.,.,.,.,.,.,.,.,.,.,.,.,.,.,.,.,.,.,.
chr1,1249187,1249187,G,A,"exonic","CPSF3L",".","synonymous SNV","CPSF3L:NM_001256462:exon7:c.C588T:p.F196F,CPSF3L:NM_001256463:exon7:c.C579T:p.F193F,CPSF3L:NM_017871:exon9:c.C882T:p.F294F,CPSF3L:NM_001256460:exon10:c.C795T:p.F265F,CPSF3L:NM_001256456:exon11:c.C900T:p.F300F","exonic","ENSG00000127054",".","nonsynonymous SNV","ENSG00000127054:ENST00000528879:exon8:c.C817T:p.R273C","1p36.33",.,0.8,0.38,0.08,0.5,0.02,0.8,0.59,0.17,0.8,0.28,"0.586435","0.38","rs12142199","rs12142199",.,.,.,.,.,.,.,.,.,.,.,.,.,.,.,.,.,.,.,.,.,.,.,.,.,.,.,.,.,"0.84",.
chr1,1254136,1254136,G,A,"intronic","CPSF3L",".",.,.,"intronic","ENSG00000127054",".",.,.,"1p36.33",.,0.92,0.75,0.32,0.82,0.83,0.92,.,.,.,0.63,.,"0.75","rs4970432","rs4970432",.,.,.,.,.,.,.,.,.,.,.,.,.,.,.,.,.,.,.,.,.,.,.,.,.,.,.,.,.,.,.
chr1,1254436,1254436,A,G,"intronic","CPSF3L",".",.,.,"intronic","ENSG00000127054",".",.,.,"1p36.33",.,0.96,0.88,0.81,0.89,0.83,0.96,.,.,.,0.88,.,"0.88","rs1886773","rs1886773",.,.,.,.,.,.,.,.,.,.,.,.,.,.,.,.,.,.,.,.,.,.,.,.,.,.,.,.,.,.,.
chr1,1254443,1254443,G,A,"intronic","CPSF3L",".",.,.,"intronic","ENSG00000127054",".",.,.,"1p36.33",.,0.92,0.75,0.32,0.82,0.83,0.92,.,.,.,0.63,.,"0.75","rs1886772","rs1886772",.,.,.,.,.,.,.,.,.,.,.,.,.,.,.,.,.,.,.,.,.,.,.,.,.,.,.,.,.,.,.
chr1,1254841,1254841,C,G,"exonic","CPSF3L",".","synonymous SNV","CPSF3L:NM_017871:exon4:c.G264C:p.G88G,CPSF3L:NM_001256460:exon5:c.G177C:p.G59G,CPSF3L:NM_001256456:exon6:c.G282C:p.G94G","exonic","ENSG00000127054",".","synonymous SNV","ENSG00000127054:ENST00000434694:exon4:c.G264C:p.G88G,ENSG00000127054:ENST00000435064:exon4:c.G264C:p.G88G,ENSG00000127054:ENST00000450926:exon4:c.G264C:p.G88G,ENSG00000127054:ENST00000528879:exon4:c.G264C:p.G88G,ENSG00000127054:ENST00000534345:exon4:c.G267C:p.G89G,ENSG00000127054:ENST00000527719:exon5:c.G282C:p.G94G,ENSG00000127054:ENST00000530031:exon5:c.G405C:p.G135G,ENSG00000127054:ENST00000545578:exon5:c.G177C:p.G59G,ENSG00000127054:ENST00000498476:exon6:c.G444C:p.G148G,ENSG00000127054:ENST00000540437:exon6:c.G282C:p.G94G","1p36.33",.,0.93,0.75,0.32,0.82,0.83,0.92,0.75,0.4,0.93,0.59,"0.751269","0.75","rs10907179","rs10907179",.,.,.,.,.,.,.,.,.,.,.,.,.,.,.,.,.,.,.,.,.,.,.,.,.,.,.,.,.,"0.85",.
chr1,1255287,1255287,C,T,"intronic","CPSF3L",".",.,.,"intronic","ENSG00000127054",".",.,.,"1p36.33",.,0.99,0.96,0.99,0.99,0.91,0.97,.,.,.,0.96,.,"0.96","rs10449892","rs10449892",.,.,.,.,.,.,.,.,.,.,.,.,.,.,.,.,.,.,.,.,.,.,.,.,.,.,.,.,.,.,.
chr1,1262966,1262966,C,T,"exonic","CPTP",".","synonymous SNV","CPTP:NM_001029885:exon3:c.C468T:p.R156R","exonic","ENSG00000224051",".","synonymous SNV","ENSG00000224051:ENST00000343938:exon3:c.C468T:p.R156R","1p36.33",.,0.93,0.78,0.47,0.85,0.83,0.92,0.81,0.58,0.93,0.69,"0.813060","0.78","rs307349","rs307349",.,.,.,.,.,.,.,.,.,.,.,.,.,.,.,.,.,.,.,.,.,.,.,.,.,.,.,.,.,"0.84",.
chr1,1263144,1263144,G,A,"UTR3","CPTP","NM_001029885:c.*1G>A",.,.,"UTR3","ENSG00000224051","ENST00000343938:c.*1G>A",.,.,"1p36.33",.,0.94,0.84,0.77,0.86,0.8,0.9,0.91,0.85,0.94,0.8,"0.908324","0.84","rs307350","rs307350",.,.,.,.,.,.,.,.,.,.,.,.,.,.,.,.,.,.,.,.,.,.,.,.,.,.,.,.,.,"0.96",.
chr1,1263362,1263362,G,A,"UTR3","CPTP","NM_001029885:c.*219G>A",.,.,"UTR3","ENSG00000224051","ENST00000343938:c.*219G>A",.,.,"1p36.33",.,0.93,0.75,0.32,0.83,0.83,0.92,0.77,0.4,0.93,0.62,"0.770377","0.75","rs4970433","rs4970433",.,.,.,.,.,.,.,.,.,.,.,.,.,.,.,.,.,.,.,.,.,.,.,.,.,.,.,.,.,.,.
chr1,1277533,1277533,T,C,"exonic","DVL1",".","synonymous SNV","DVL1:NM_004421:exon4:c.A366G:p.P122P","exonic","ENSG00000107404",".","synonymous SNV","ENSG00000107404:ENST00000378888:exon4:c.A366G:p.P122P,ENSG00000107404:ENST00000378891:exon4:c.A366G:p.P122P","1p36.33",.,1.,0.99,0.99,0.99,0.99,0.99,1.,1.,1.,0.99,"0.999072","0.99","rs307362","rs307362",.,.,.,.,.,.,.,.,.,.,.,.,.,.,.,.,.,.,.,.,.,.,.,.,.,.,.,.,.,"0.69",.
chr1,1288345,1288345,A,G,"UTR3","MXRA8","NM_032348:c.*639T>C,NM_001282584:c.*639T>C,NM_001282585:c.*336T>C,NM_001282583:c.*639T>C,NM_001282582:c.*639T>C",.,.,"UTR3","ENSG00000162576","ENST00000309212:c.*639T>C,ENST00000342753:c.*639T>C,ENST00000477278:c.*639T>C,ENST00000445648:c.*336T>C",.,.,"1p36.33",.,0.99,0.96,0.98,0.99,0.9,0.97,.,.,.,0.98,.,"0.96","rs13249","rs13249",.,.,.,.,.,.,.,.,.,.,.,.,.,.,.,.,.,.,.,.,.,.,.,.,.,.,.,.,.,.,.
chr1,1288471,1288471,C,T,"UTR3","MXRA8","NM_032348:c.*513G>A,NM_001282584:c.*513G>A,NM_001282585:c.*210G>A,NM_001282583:c.*513G>A,NM_001282582:c.*513G>A",.,.,"UTR3","ENSG00000162576","ENST00000309212:c.*513G>A,ENST00000342753:c.*513G>A,ENST00000477278:c.*513G>A,ENST00000445648:c.*210G>A",.,.,"1p36.33",.,0.92,0.79,0.5,0.85,0.83,0.92,.,.,.,0.7,.,"0.79","rs3766183","rs3766183",.,.,.,.,.,.,.,.,.,.,.,.,.,.,.,.,.,.,.,.,.,.,.,.,.,.,.,.,.,.,.
chr1,1288583,1288583,C,G,"UTR3","MXRA8","NM_032348:c.*401G>C,NM_001282584:c.*401G>C,NM_001282585:c.*98G>C,NM_001282583:c.*401G>C,NM_001282582:c.*401G>C",.,.,"UTR3","ENSG00000162576","ENST00000309212:c.*401G>C,ENST00000342753:c.*401G>C,ENST00000477278:c.*401G>C,ENST00000445648:c.*98G>C",.,.,"1p36.33",.,0.95,0.87,0.73,0.95,0.84,0.93,.,.,.,0.85,.,"0.87","rs3845295","rs3845295",.,.,.,.,.,.,.,.,.,.,.,.,.,.,.,.,.,.,.,.,.,.,.,.,.,.,.,.,.,.,.
chr1,1288823,1288823,A,G,"UTR3","MXRA8","NM_032348:c.*161T>C,NM_001282584:c.*161T>C,NM_001282583:c.*161T>C,NM_001282582:c.*161T>C",.,.,"UTR3","ENSG00000162576","ENST00000309212:c.*161T>C,ENST00000342753:c.*161T>C,ENST00000477278:c.*161T>C",.,.,"1p36.33",.,0.92,0.79,0.48,0.85,0.83,0.92,.,.,.,0.7,.,"0.79",.,"rs2296471",.,.,.,.,.,.,.,.,.,.,.,.,.,.,.,.,.,.,.,.,.,.,.,.,.,.,.,.,.,.,.
chr1,1310074,1310074,C,G,"intronic","AURKAIP1",".",.,.,"intronic","ENSG00000175756",".",.,.,"1p36.33",.,0.96,0.84,0.59,0.92,0.9,0.94,0.86,0.67,0.96,0.72,"0.859385","0.84","rs2765035","rs2765035",.,.,.,.,.,.,.,.,.,.,.,.,.,.,.,.,.,.,.,.,.,.,.,.,.,.,.,.,.,"0.30",.
chr1,1314172,1314172,C,T,"intergenic","AURKAIP1,CCNL2","dist=3354;dist=6919",.,.,"ncRNA_exonic","ENSG00000223663",".",.,.,"1p36.33",.,0.91,0.82,0.6,0.83,0.88,0.91,.,.,.,0.79,.,"0.82","rs2477777","rs2477777",.,.,.,.,.,.,.,.,.,.,.,.,.,.,.,.,.,.,.,.,.,.,.,.,.,.,.,.,.,.,.
chr1,1314245,1314245,C,T,"intergenic","AURKAIP1,CCNL2","dist=3427;dist=6846",.,.,"ncRNA_exonic","ENSG00000223663",".",.,.,"1p36.33",.,0.91,0.82,0.6,0.83,0.88,0.91,.,.,.,0.8,.,"0.82","rs2454653","rs2454653",.,.,.,.,.,.,.,.,.,.,.,.,.,.,.,.,.,.,.,.,.,.,.,.,.,.,.,.,.,.,.
chr1,1323946,1323947,TC,-,"intronic","CCNL2",".",.,.,"intronic","ENSG00000221978",".",.,.,"1p36.33",.,.,.,.,.,.,.,.,.,.,.,.,.,"rs111530797",.,.,.,.,.,.,.,.,.,.,.,.,.,.,.,.,.,.,.,.,.,.,.,.,.,.,.,.,.,.,.,.
chr1,1342612,1342612,G,C,"UTR5","MRPL20","NM_017971:c.-15C>G",.,.,"UTR5","ENSG00000242485","ENST00000344843:c.-15C>G,ENST00000482352:c.-15C>G",.,.,"1p36.33",.,0.87,0.39,0.23,0.32,0.87,0.16,0.19,0.24,0.17,0.33,"0.190218","0.39","rs2275915","rs2275915",.,.,.,.,.,.,.,.,.,.,.,.,.,.,.,.,.,.,.,.,.,.,.,.,.,.,.,.,.,"0.041",.
chr1,1551927,1551927,T,C,"exonic","MIB2",".","nonsynonymous SNV","MIB2:NM_001170686:exon2:c.T214C:p.F72L,MIB2:NM_001170687:exon2:c.T214C:p.F72L,MIB2:NM_001170688:exon2:c.T214C:p.F72L,MIB2:NM_080875:exon2:c.T214C:p.F72L","exonic","ENSG00000197530",".","nonsynonymous SNV","ENSG00000197530:ENST00000355826:exon2:c.T214C:p.F72L,ENSG00000197530:ENST00000357210:exon2:c.T43C:p.F15L,ENSG00000197530:ENST00000360522:exon2:c.T43C:p.F15L,ENSG00000197530:ENST00000378710:exon2:c.T43C:p.F15L,ENSG00000197530:ENST00000489635:exon2:c.T43C:p.F15L,ENSG00000197530:ENST00000505820:exon2:c.T214C:p.F72L,ENSG00000197530:ENST00000514363:exon2:c.T43C:p.F15L,ENSG00000197530:ENST00000518681:exon2:c.T214C:p.F72L,ENSG00000197530:ENST00000520777:exon2:c.T214C:p.F72L","1p36.33",.,0.72,0.51,0.54,0.57,0.19,0.71,0.67,0.56,0.72,0.54,"0.670926","0.51","rs7418389","rs7418389",1,T,0.0,B,0.0,B,.,.,0.999,P,0,N,1.45,T,-0.931,T,0.000,T,0.099,-0.435,1.975,0.364,0.044,0.221,1.104,.,.,.,.,"0.61",.
chr1,1553593,1553593,C,G,"intronic","MIB2",".",.,.,"intronic","ENSG00000197530",".",.,.,"1p36.33",.,0.71,0.49,0.5,0.56,0.16,0.71,.,.,.,0.54,.,"0.49","rs28623434","rs28623434",.,.,.,.,.,.,.,.,.,.,.,.,.,.,.,.,.,.,.,.,.,.,.,.,.,.,.,.,.,.,.
chr1,1553670,1553670,G,C,"intronic","MIB2",".",.,.,"intronic","ENSG00000197530",".",.,.,"1p36.33",.,0.71,0.49,0.49,0.56,0.16,0.71,.,.,.,0.54,.,"0.49","rs9442410","rs9442410",.,.,.,.,.,.,.,.,.,.,.,.,.,.,.,.,.,.,.,.,.,.,.,.,.,.,.,.,.,.,.
chr1,1596974,1596974,C,T,"UTR3","SLC35E2B","NM_001110781:c.*247G>A,NM_001290264:c.*247G>A",.,.,"UTR3","ENSG00000189339","ENST00000378662:c.*247G>A,ENST00000234800:c.*247G>A",.,.,"1p36.33",.,0.96,0.87,0.9,0.93,0.69,0.96,.,.,.,0.86,.,"0.87","rs4074020","rs4074020",.,.,.,.,.,.,.,.,.,.,.,.,.,.,.,.,.,.,.,.,.,.,.,.,.,.,.,.,.,.,.
chr1,1602536,1602536,G,C,"intronic","CDK11B,SLC35E2B",".",.,.,"intronic","ENSG00000189339",".",.,.,"1p36.33",.,0.72,0.6,0.48,0.72,0.5,0.7,.,.,.,0.59,.,"0.60","rs4648609","rs4648609",.,.,.,.,.,.,.,.,.,.,.,.,.,.,.,.,.,.,.,.,.,.,.,.,.,.,.,.,.,.,.
chr1,1602587,1602587,C,T,"intronic","CDK11B,SLC35E2B",".",.,.,"intronic","ENSG00000189339",".",.,.,"1p36.33",.,0.72,0.61,0.5,0.72,0.5,0.7,.,.,.,0.56,.,"0.61","rs4233029","rs4233029",.,.,.,.,.,.,.,.,.,.,.,.,.,.,.,.,.,.,.,.,.,.,.,.,.,.,.,.,.,.,.
chr1,1602787,1602787,G,T,"intronic","CDK11B,SLC35E2B",".",.,.,"intronic","ENSG00000189339",".",.,.,"1p36.33",.,1.,1.,1.,1.,1.,1.,.,.,.,1.,.,"1.00","rs4639697","rs4639697",.,.,.,.,.,.,.,.,.,.,.,.,.,.,.,.,.,.,.,.,.,.,.,.,.,.,.,.,.,.,.
chr1,1647814,1647814,T,C,"exonic","CDK11A,CDK11B",".","synonymous SNV","CDK11B:NM_001291345:exon5:c.A429G:p.E143E,CDK11B:NM_001787:exon5:c.A459G:p.E153E,CDK11A:NM_024011:exon5:c.A459G:p.E153E,CDK11B:NM_033486:exon5:c.A459G:p.E153E,CDK11A:NM_033529:exon5:c.A429G:p.E143E,CDK11B:NM_033489:exon6:c.A357G:p.E119E","exonic","ENSG00000008128",".","synonymous SNV","ENSG00000008128:ENST00000356200:exon4:c.A357G:p.E119E,ENSG00000008128:ENST00000509982:exon4:c.A459G:p.E153E,ENSG00000008128:ENST00000357760:exon5:c.A429G:p.E143E,ENSG00000008128:ENST00000358779:exon5:c.A429G:p.E143E,ENSG00000008128:ENST00000378633:exon5:c.A429G:p.E143E,ENSG00000008128:ENST00000378635:exon5:c.A429G:p.E143E,ENSG00000008128:ENST00000378638:exon5:c.A357G:p.E119E,ENSG00000008128:ENST00000404249:exon5:c.A459G:p.E153E,ENSG00000008128:ENST00000460465:exon5:c.A459G:p.E153E,ENSG00000008128:ENST00000479362:exon5:c.A429G:p.E143E","1p36.33",.,0.5,0.5,0.5,0.5,0.5,0.5,.,.,.,0.076,.,"0.50","rs72901775","rs72901775",0.02,D,.,.,.,.,.,.,0.000,P,.,.,.,.,-0.896,T,0.000,T,.,-0.407,2.096,0.358,-0.064,0.108,12.498,.,.,.,.,.,.
chr1,1647871,1647871,T,C,"exonic","CDK11A,CDK11B",".","synonymous SNV","CDK11B:NM_001291345:exon5:c.A372G:p.R124R,CDK11B:NM_001787:exon5:c.A402G:p.R134R,CDK11A:NM_024011:exon5:c.A402G:p.R134R,CDK11B:NM_033486:exon5:c.A402G:p.R134R,CDK11A:NM_033529:exon5:c.A372G:p.R124R,CDK11B:NM_033489:exon6:c.A300G:p.R100R","exonic","ENSG00000008128",".","synonymous SNV","ENSG00000008128:ENST00000356200:exon4:c.A300G:p.R100R,ENSG00000008128:ENST00000509982:exon4:c.A402G:p.R134R,ENSG00000008128:ENST00000357760:exon5:c.A372G:p.R124R,ENSG00000008128:ENST00000358779:exon5:c.A372G:p.R124R,ENSG00000008128:ENST00000378633:exon5:c.A372G:p.R124R,ENSG00000008128:ENST00000378635:exon5:c.A372G:p.R124R,ENSG00000008128:ENST00000378638:exon5:c.A300G:p.R100R,ENSG00000008128:ENST00000404249:exon5:c.A402G:p.R134R,ENSG00000008128:ENST00000460465:exon5:c.A402G:p.R134R,ENSG00000008128:ENST00000479362:exon5:c.A372G:p.R124R","1p36.33",.,0.5,0.5,0.5,0.5,0.5,0.5,.,.,.,.,.,"0.50","rs72909014","rs72909014",.,.,.,.,.,.,.,.,.,.,.,.,.,.,.,.,.,.,.,.,.,.,.,.,.,.,.,.,.,.,.
chr1,1647893,1647893,-,TTTCTT,"exonic","CDK11A,CDK11B",".","nonframeshift insertion","CDK11B:NM_001291345:exon5:c.349_350insAAGAAA:p.R117delinsKER,CDK11B:NM_001787:exon5:c.379_380insAAGAAA:p.R127delinsKER,CDK11A:NM_024011:exon5:c.379_380insAAGAAA:p.R127delinsKER,CDK11B:NM_033486:exon5:c.379_380insAAGAAA:p.R127delinsKER,CDK11A:NM_033529:exon5:c.349_350insAAGAAA:p.R117delinsKER,CDK11B:NM_033489:exon6:c.277_278insAAGAAA:p.R93delinsKER","exonic","ENSG00000008128",".","nonframeshift insertion","ENSG00000008128:ENST00000356200:exon4:c.277_278insAAGAAA:p.R93delinsKER,ENSG00000008128:ENST00000509982:exon4:c.379_380insAAGAAA:p.R127delinsKER,ENSG00000008128:ENST00000357760:exon5:c.349_350insAAGAAA:p.R117delinsKER,ENSG00000008128:ENST00000358779:exon5:c.349_350insAAGAAA:p.R117delinsKER,ENSG00000008128:ENST00000378633:exon5:c.349_350insAAGAAA:p.R117delinsKER,ENSG00000008128:ENST00000378635:exon5:c.349_350insAAGAAA:p.R117delinsKER,ENSG00000008128:ENST00000378638:exon5:c.277_278insAAGAAA:p.R93delinsKER,ENSG00000008128:ENST00000404249:exon5:c.379_380insAAGAAA:p.R127delinsKER,ENSG00000008128:ENST00000460465:exon5:c.379_380insAAGAAA:p.R127delinsKER,ENSG00000008128:ENST00000479362:exon5:c.349_350insAAGAAA:p.R117delinsKER","1p36.33",.,.,.,.,.,.,.,.,.,.,.,.,.,.,"rs144636354",.,.,.,.,.,.,.,.,.,.,.,.,.,.,.,.,.,.,.,.,.,.,.,.,.,.,.,"ID=COSM1335905,COSM1335906;OCCURENCE=2(large_intestine)",.,.,.
chr1,1650787,1650787,T,C,"exonic","CDK11A,CDK11B",".","nonsynonymous SNV","CDK11B:NM_001787:exon4:c.A335G:p.H112R,CDK11A:NM_024011:exon4:c.A335G:p.H112R,CDK11B:NM_033486:exon4:c.A335G:p.H112R,CDK11B:NM_033489:exon5:c.A233G:p.H78R","exonic","ENSG00000008128",".","nonsynonymous SNV","ENSG00000008128:ENST00000356200:exon3:c.A233G:p.H78R,ENSG00000008128:ENST00000509982:exon3:c.A335G:p.H112R,ENSG00000008128:ENST00000378638:exon4:c.A233G:p.H78R,ENSG00000008128:ENST00000404249:exon4:c.A335G:p.H112R,ENSG00000008128:ENST00000460465:exon4:c.A335G:p.H112R","1p36.33",.,0.5,0.5,0.5,0.5,0.5,0.5,.,.,.,0.14,.,"0.50","rs1137003","rs1137003",1,T,0.001,B,0.002,B,.,.,1.000,D,.,.,3.6,T,-0.873,T,0.000,T,0.243,0.491,6.665,4.87,1.053,5.293,12.456,.,.,.,.,.,.
chr1,1650797,1650797,A,G,"exonic","CDK11A,CDK11B",".","nonsynonymous SNV","CDK11B:NM_001291345:exon4:c.T325C:p.W109R,CDK11B:NM_001787:exon4:c.T325C:p.C109R,CDK11A:NM_024011:exon4:c.T325C:p.C109R,CDK11B:NM_033486:exon4:c.T325C:p.C109R,CDK11A:NM_033529:exon4:c.T325C:p.W109R,CDK11B:NM_033489:exon5:c.T223C:p.C75R","exonic","ENSG00000008128",".","nonsynonymous SNV","ENSG00000008128:ENST00000356200:exon3:c.T223C:p.C75R,ENSG00000008128:ENST00000509982:exon3:c.T325C:p.C109R,ENSG00000008128:ENST00000357760:exon4:c.T325C:p.W109R,ENSG00000008128:ENST00000358779:exon4:c.T325C:p.W109R,ENSG00000008128:ENST00000378633:exon4:c.T325C:p.W109R,ENSG00000008128:ENST00000378635:exon4:c.T325C:p.W109R,ENSG00000008128:ENST00000378638:exon4:c.T223C:p.C75R,ENSG00000008128:ENST00000404249:exon4:c.T325C:p.C109R,ENSG00000008128:ENST00000460465:exon4:c.T325C:p.C109R,ENSG00000008128:ENST00000479362:exon4:c.T325C:p.W109R","1p36.33",.,0.5,0.5,0.5,0.5,0.5,0.5,.,.,.,0.15,.,"0.50","rs1059830","rs1059830",.,.,0.015,B,0.005,B,0.050,N,0.903,N,-0.975,N,3.34,T,-0.904,T,0.000,T,0.24,-0.174,3.151,4.87,1.053,4.389,12.456,.,.,.,.,.,.
chr1,1650801,1650801,T,C,"exonic","CDK11A,CDK11B",".","synonymous SNV","CDK11B:NM_001291345:exon4:c.A321G:p.E107E,CDK11B:NM_001787:exon4:c.A321G:p.E107E,CDK11A:NM_024011:exon4:c.A321G:p.E107E,CDK11B:NM_033486:exon4:c.A321G:p.E107E,CDK11A:NM_033529:exon4:c.A321G:p.E107E,CDK11B:NM_033489:exon5:c.A219G:p.E73E","exonic","ENSG00000008128",".","synonymous SNV","ENSG00000008128:ENST00000356200:exon3:c.A219G:p.E73E,ENSG00000008128:ENST00000509982:exon3:c.A321G:p.E107E,ENSG00000008128:ENST00000357760:exon4:c.A321G:p.E107E,ENSG00000008128:ENST00000358779:exon4:c.A321G:p.E107E,ENSG00000008128:ENST00000378633:exon4:c.A321G:p.E107E,ENSG00000008128:ENST00000378635:exon4:c.A321G:p.E107E,ENSG00000008128:ENST00000378638:exon4:c.A219G:p.E73E,ENSG00000008128:ENST00000404249:exon4:c.A321G:p.E107E,ENSG00000008128:ENST00000460465:exon4:c.A321G:p.E107E,ENSG00000008128:ENST00000479362:exon4:c.A321G:p.E107E","1p36.33",.,0.5,0.5,0.5,0.5,0.5,0.5,.,.,.,0.15,.,"0.50","rs1137004","rs1137004",.,.,.,.,.,.,.,.,.,.,.,.,.,.,.,.,.,.,.,.,.,.,.,.,.,.,.,.,.,.,.
chr1,1650807,1650807,T,C,"exonic","CDK11A,CDK11B",".","synonymous SNV","CDK11B:NM_001291345:exon4:c.A315G:p.R105R,CDK11B:NM_001787:exon4:c.A315G:p.R105R,CDK11A:NM_024011:exon4:c.A315G:p.R105R,CDK11B:NM_033486:exon4:c.A315G:p.R105R,CDK11A:NM_033529:exon4:c.A315G:p.R105R,CDK11B:NM_033489:exon5:c.A213G:p.R71R","exonic","ENSG00000008128",".","synonymous SNV","ENSG00000008128:ENST00000356200:exon3:c.A213G:p.R71R,ENSG00000008128:ENST00000509982:exon3:c.A315G:p.R105R,ENSG00000008128:ENST00000357760:exon4:c.A315G:p.R105R,ENSG00000008128:ENST00000358779:exon4:c.A315G:p.R105R,ENSG00000008128:ENST00000378633:exon4:c.A315G:p.R105R,ENSG00000008128:ENST00000378635:exon4:c.A315G:p.R105R,ENSG00000008128:ENST00000378638:exon4:c.A213G:p.R71R,ENSG00000008128:ENST00000404249:exon4:c.A315G:p.R105R,ENSG00000008128:ENST00000460465:exon4:c.A315G:p.R105R,ENSG00000008128:ENST00000479362:exon4:c.A315G:p.R105R","1p36.33",.,0.58,0.46,0.4,0.48,0.47,0.49,.,.,.,0.58,.,"0.46","rs1137005","rs1137005",.,.,.,.,.,.,.,.,.,.,.,.,.,.,.,.,.,.,.,.,.,.,.,.,.,.,.,.,.,.,.
chr1,1650832,1650832,A,G,"exonic","CDK11A,CDK11B",".","nonsynonymous SNV","CDK11B:NM_001291345:exon4:c.T290C:p.V97A,CDK11B:NM_001787:exon4:c.T290C:p.V97A,CDK11A:NM_024011:exon4:c.T290C:p.V97A,CDK11B:NM_033486:exon4:c.T290C:p.V97A,CDK11A:NM_033529:exon4:c.T290C:p.V97A,CDK11B:NM_033489:exon5:c.T188C:p.V63A","exonic","ENSG00000008128",".","nonsynonymous SNV","ENSG00000008128:ENST00000356200:exon3:c.T188C:p.V63A,ENSG00000008128:ENST00000509982:exon3:c.T290C:p.V97A,ENSG00000008128:ENST00000357760:exon4:c.T290C:p.V97A,ENSG00000008128:ENST00000358779:exon4:c.T290C:p.V97A,ENSG00000008128:ENST00000378633:exon4:c.T290C:p.V97A,ENSG00000008128:ENST00000378635:exon4:c.T290C:p.V97A,ENSG00000008128:ENST00000378638:exon4:c.T188C:p.V63A,ENSG00000008128:ENST00000404249:exon4:c.T290C:p.V97A,ENSG00000008128:ENST00000460465:exon4:c.T290C:p.V97A,ENSG00000008128:ENST00000479362:exon4:c.T290C:p.V97A","1p36.33",.,0.5,0.5,0.5,0.5,0.5,0.5,.,.,.,0.11,.,"0.50","rs72909030","rs72909030",0.96,T,0.033,B,0.018,B,0.107,N,1.000,P,-0.695,N,3.64,T,-0.923,T,0.000,T,0.175,0.676,7.618,4.12,0.513,5.802,9.081,.,.,.,.,.,.
chr1,1650845,1650845,G,A,"exonic","CDK11A,CDK11B",".","nonsynonymous SNV","CDK11B:NM_001291345:exon4:c.C277T:p.R93W,CDK11B:NM_001787:exon4:c.C277T:p.R93W,CDK11A:NM_024011:exon4:c.C277T:p.R93W,CDK11B:NM_033486:exon4:c.C277T:p.R93W,CDK11A:NM_033529:exon4:c.C277T:p.R93W,CDK11B:NM_033489:exon5:c.C175T:p.R59W","exonic","ENSG00000008128",".","nonsynonymous SNV","ENSG00000008128:ENST00000356200:exon3:c.C175T:p.R59W,ENSG00000008128:ENST00000509982:exon3:c.C277T:p.R93W,ENSG00000008128:ENST00000357760:exon4:c.C277T:p.R93W,ENSG00000008128:ENST00000358779:exon4:c.C277T:p.R93W,ENSG00000008128:ENST00000378633:exon4:c.C277T:p.R93W,ENSG00000008128:ENST00000378635:exon4:c.C277T:p.R93W,ENSG00000008128:ENST00000378638:exon4:c.C175T:p.R59W,ENSG00000008128:ENST00000404249:exon4:c.C277T:p.R93W,ENSG00000008128:ENST00000460465:exon4:c.C277T:p.R93W,ENSG00000008128:ENST00000479362:exon4:c.C277T:p.R93W","1p36.33",.,0.54,0.46,0.4,0.48,0.47,0.49,0.45,0.37,0.49,0.54,"0.449592","0.46","rs1059831","rs1059831",0.08,T,1.0,D,0.999,D,0.082,U,0.990,D,0.975,L,3.65,T,-0.768,T,0.000,T,0.574,3.297,17.08,5.3,2.462,6.450,17.983,.,.,.,.,.,.
chr1,1663851,1663851,G,C,"UTR3","SLC35E2","NM_182838:c.*43C>G",.,.,"ncRNA_UTR3","ENSG00000215790",".",.,.,"1p36.33",.,0.47,0.33,0.06,0.47,0.32,0.44,0.3,0.099,0.41,0.23,"0.305044","0.33","rs2294486","rs2294486",.,.,.,.,.,.,.,.,.,.,.,.,.,.,.,.,.,.,.,.,.,.,.,.,.,.,.,.,.,.,.
chr1,1663861,1663861,G,A,"UTR3","SLC35E2","NM_182838:c.*33C>T",.,.,"ncRNA_UTR3","ENSG00000215790",".",.,.,"1p36.33",.,0.47,0.33,0.06,0.47,0.32,0.44,0.31,0.1,0.41,0.23,"0.306011","0.33","rs2294487","rs2294487",.,.,.,.,.,.,.,.,.,.,.,.,.,.,.,.,.,.,.,.,.,.,.,.,.,.,.,.,.,.,.
chr1,1664019,1664019,T,C,"intronic","SLC35E2",".",.,.,"ncRNA_exonic","ENSG00000227775",".",.,.,"1p36.33",.,0.93,0.74,0.4,0.83,0.76,0.91,0.8,0.5,0.93,0.52,"0.798153","0.74","rs2294488","rs2294488",.,.,.,.,.,.,.,.,.,.,.,.,.,.,.,.,.,.,.,.,.,.,.,.,.,.,.,.,.,.,.
chr1,1664124,1664124,T,C,"intronic","SLC35E2",".",.,.,"ncRNA_exonic","ENSG00000227775",".",.,.,"1p36.33",.,0.9,0.65,0.16,0.8,0.64,0.9,.,.,.,0.43,.,"0.65","rs2294489","rs2294489",.,.,.,.,.,.,.,.,.,.,.,.,.,.,.,.,.,.,.,.,.,.,.,.,.,.,.,.,.,.,.
chr1,1664273,1664273,-,ATCG,"intronic","SLC35E2",".",.,.,"ncRNA_exonic","ENSG00000227775",".",.,.,"1p36.33",.,0.47,0.32,0.06,0.47,0.32,0.42,.,.,.,0.011,.,"0.32",.,"rs144355621",.,.,.,.,.,.,.,.,.,.,.,.,.,.,.,.,.,.,.,.,.,.,.,.,.,.,.,.,.,.,.
chr1,1688192,1688192,A,G,"intronic","NADK",".",.,.,"UTR3","ENSG00000008130","ENST00000497186:c.*85T>C",.,.,"1p36.33",.,0.91,0.68,0.28,0.82,0.62,0.91,.,.,.,0.5,.,"0.68","rs2281173","rs2281173",.,.,.,.,.,.,.,.,.,.,.,.,.,.,.,.,.,.,.,.,.,.,.,.,.,.,.,.,.,.,.
chr1,1688469,1688469,C,G,"intronic","NADK",".",.,.,"intronic","ENSG00000008130",".",.,.,"1p36.33",.,0.91,0.76,0.47,0.84,0.76,0.91,.,.,.,0.59,.,"0.76","rs4648623","rs4648623",.,.,.,.,.,.,.,.,.,.,.,.,.,.,.,.,.,.,.,.,.,.,.,.,.,.,.,.,.,.,.
chr1,1725261,1725261,A,G,"intronic","GNB1",".",.,.,"intronic","ENSG00000078369",".",.,.,"1p36.33",.,1.,0.98,1.,0.96,1.,0.96,.,.,.,1.,.,"0.98","rs7545812","rs7545812",.,.,.,.,.,.,.,.,.,.,.,.,.,.,.,.,.,.,.,.,.,.,.,.,.,.,.,.,.,.,.
chr1,1823922,1823922,A,G,"intergenic","GNB1,CALML6","dist=1366;dist=22344",.,.,"ncRNA_exonic","ENSG00000231050",".",.,.,"1p36.33",.,0.94,0.82,0.51,0.87,0.91,0.94,.,.,.,0.75,.,"0.82","rs6688000","rs6688000",.,.,.,.,.,.,.,.,.,.,.,.,.,.,.,.,.,.,.,.,.,.,.,.,.,.,.,.,.,.,.
chr1,1846765,1846765,G,A,"intronic","CALML6",".",.,.,"intronic","ENSG00000169885",".",.,.,"1p36.33",.,0.51,0.41,0.1,0.51,0.49,0.51,0.37,0.13,0.49,0.28,"0.365663","0.41","rs2247560","rs2247560",.,.,.,.,.,.,.,.,.,.,.,.,.,.,.,.,.,.,.,.,.,.,.,.,.,.,.,.,.,"0.18",.
chr1,1847656,1847656,C,T,"intronic","CALML6",".",.,.,"intronic","ENSG00000169885",".",.,.,"1p36.33",.,0.51,0.39,0.07,0.51,0.47,0.49,.,.,.,0.3,.,"0.39","rs2803297","rs2803297",.,.,.,.,.,.,.,.,.,.,.,.,.,.,.,.,.,.,.,.,.,.,.,.,.,.,.,.,.,.,.
chr1,1847856,1847856,G,T,"intronic","CALML6",".",.,.,"intronic","ENSG00000169885",".",.,.,"1p36.33",.,0.6,0.54,0.44,0.6,0.6,0.54,0.53,0.48,0.55,0.49,"0.530354","0.54","rs2748986","rs2748986",.,.,.,.,.,.,.,.,.,.,.,.,.,.,.,.,.,.,.,.,.,.,.,.,.,.,.,.,.,"0.13",.
chr1,1848109,1848109,G,C,"intronic","CALML6",".",.,.,"intronic","ENSG00000169885",".",.,.,"1p36.33",.,0.61,0.55,0.48,0.61,0.6,0.54,.,.,.,0.52,.,"0.55","rs2803296","rs2803296",.,.,.,.,.,.,.,.,.,.,.,.,.,.,.,.,.,.,.,.,.,.,.,.,.,.,.,.,.,.,.
chr1,1849923,1849923,C,A,"intronic","TMEM52",".",.,.,"exonic","ENSG00000178821",".","nonsynonymous SNV","ENSG00000178821:ENST00000378602:exon1:c.G73T:p.A25S","1p36.33",.,0.08,0.04,0.01,0.04,.,0.08,.,.,.,0.022,.,"0.04","rs72634869","rs72634869",1,T,0.869,P,0.271,B,.,.,1.000,N,.,.,1.34,T,-1.095,T,0.002,T,0.135,2.907,15.69,1.16,0.150,-0.498,5.855,.,.,.,.,.,.
chr1,1853615,1853615,-,CTGA,"intergenic","TMEM52,KIAA1751","dist=2875;dist=31137",.,.,"downstream","ENSG00000142609",".",.,.,"1p36.33",.,1.,1.,1.,1.,1.,1.,.,.,.,0.37,.,"1.00","rs113294876","rs113294876",.,.,.,.,.,.,.,.,.,.,.,.,.,.,.,.,.,.,.,.,.,.,.,.,.,.,.,.,.,.,.
chr1,1854109,1854109,A,G,"intergenic","TMEM52,KIAA1751","dist=3369;dist=30643",.,.,"intronic","ENSG00000142609",".",.,.,"1p36.33",.,0.61,0.57,0.55,0.61,0.6,0.54,0.53,0.52,0.54,0.53,"0.531908","0.57","rs2803348","rs2803348",.,.,.,.,.,.,.,.,.,.,.,.,.,.,.,.,.,.,.,.,.,.,.,.,.,.,.,.,.,"0.60",.
chr1,1858309,1858309,T,C,"intergenic","TMEM52,KIAA1751","dist=7569;dist=26443",.,.,"intronic","ENSG00000142609",".",.,.,"1p36.33",.,0.62,0.58,0.58,0.62,0.6,0.54,.,.,.,0.55,.,"0.58","rs941530","rs941530",.,.,.,.,.,.,.,.,.,.,.,.,.,.,.,.,.,.,.,.,.,.,.,.,.,.,.,.,.,.,.
chr1,1859296,1859296,T,C,"intergenic","TMEM52,KIAA1751","dist=8556;dist=25456",.,.,"intronic","ENSG00000142609",".",.,.,"1p36.33",.,0.51,0.39,0.07,0.51,0.47,0.49,.,.,.,0.28,.,"0.39","rs2748984","rs2748984",.,.,.,.,.,.,.,.,.,.,.,.,.,.,.,.,.,.,.,.,.,.,.,.,.,.,.,.,.,.,.
chr1,1886222,1886222,T,G,"UTR3","KIAA1751","NM_001080484:c.*795A>C",.,.,"intronic","ENSG00000142609",".",.,.,"1p36.33",.,0.86,0.82,0.77,0.83,0.86,0.81,.,.,.,0.42,.,"0.82","rs2803287","rs2803287",.,.,.,.,.,.,.,.,.,.,.,.,.,.,.,.,.,.,.,.,.,.,.,.,.,.,.,.,.,.,.
chr1,1886756,1886756,-,CTGGTGCGCGT,"UTR3","KIAA1751","NM_001080484:c.*260_*261insACGCGCACCAG",.,.,"intronic","ENSG00000142609",".",.,.,"1p36.33",.,.,.,.,.,.,.,.,.,.,.,.,.,.,"rs142420544",.,.,.,.,.,.,.,.,.,.,.,.,.,.,.,.,.,.,.,.,.,.,.,.,.,.,.,.,.,.,.
chr1,1887019,1887019,A,G,"exonic","KIAA1751",".","stoploss","KIAA1751:NM_001080484:exon18:c.T2287C:p.X763Q","intronic","ENSG00000142609",".",.,.,"1p36.33",.,0.86,0.81,0.73,0.83,0.86,0.82,0.81,0.78,0.82,0.79,"0.808489","0.81","rs28548017","rs28548017",.,.,.,.,.,.,.,.,1.000,P,.,.,.,.,.,.,.,.,.,-1.192,0.076,-0.588,-0.644,-0.638,5.090,.,.,.,.,"0.71",.
chr1,1900186,1900186,T,C,"exonic","KIAA1751",".","nonsynonymous SNV","KIAA1751:NM_001080484:exon11:c.A1133G:p.K378R","intergenic","ENSG00000142609,ENSG00000142609","dist=2221;dist=19215",.,.,"1p36.33",.,0.2,0.15,0.09,0.19,0.11,0.18,0.16,0.079,0.2,0.076,"0.163249","0.15","rs35269416","rs35269416",0.51,T,0.095,B,0.023,B,0.206,N,1.000,P,0.49,N,.,.,-1.055,T,0.000,T,0.007,0.232,5.253,-3.57,-0.890,-0.230,6.956,.,.,.,.,"0.20",.
chr1,1900232,1900232,T,C,"exonic","KIAA1751",".","nonsynonymous SNV","KIAA1751:NM_001080484:exon11:c.A1087G:p.I363V","intergenic","ENSG00000142609,ENSG00000142609","dist=2267;dist=19169",.,.,"1p36.33",.,0.45,0.41,0.43,0.43,0.35,0.42,0.44,0.41,0.45,0.36,"0.435143","0.41","rs16824588","rs16824588",1,T,0.001,B,0.001,B,0.061,N,1.000,P,-1.01,N,.,.,-0.921,T,0.000,T,0.011,-1.688,0.012,1.74,0.021,0.355,6.792,.,.,.,.,"0.39",.
chr1,1905526,1905526,C,A,"exonic","KIAA1751",".","nonsynonymous SNV","KIAA1751:NM_001080484:exon7:c.G612T:p.E204D","intergenic","ENSG00000142609,ENSG00000142609","dist=7561;dist=13875",.,.,"1p36.33",.,0.0046,.,.,.,.,.,0.0035,0.0014,0.0046,.,"0.003544",.,.,"rs200214481",0.26,T,0.718,P,0.152,B,0.065,N,1.000,N,0.895,L,.,.,-1.018,T,0.060,T,0.079,0.660,7.539,2.46,1.849,1.887,5.654,.,.,.,.,.,.
chr1,1987208,1987208,T,C,"intronic","PRKCZ",".",.,.,"intronic","ENSG00000067606",".",.,.,"1p36.33",.,0.49,0.24,0.17,0.13,0.49,0.14,.,.,.,0.22,.,"0.24","rs2271797","rs2271797",.,.,.,.,.,.,.,.,.,.,.,.,.,.,.,.,.,.,.,.,.,.,.,.,.,.,.,.,.,.,.
chr1,1987993,1987993,T,C,"exonic","PRKCZ",".","synonymous SNV","PRKCZ:NM_002744:exon3:c.T264C:p.D88D","exonic","ENSG00000067606",".","synonymous SNV","ENSG00000067606:ENST00000378567:exon3:c.T264C:p.D88D,ENSG00000067606:ENST00000503297:exon3:c.T126C:p.D42D","1p36.33",.,0.95,0.63,0.89,0.4,0.95,0.33,0.5,0.82,0.34,0.66,"0.504690","0.63","rs12184","rs12184",.,.,.,.,.,.,.,.,.,.,.,.,.,.,.,.,.,.,.,.,.,.,.,.,.,.,.,.,.,"0.34",.
chr1,1991014,1991014,A,G,"exonic","PRKCZ",".","synonymous SNV","PRKCZ:NM_002744:exon4:c.A318G:p.P106P","exonic","ENSG00000067606",".","synonymous SNV","ENSG00000067606:ENST00000468310:exon3:c.A228G:p.P76P,ENSG00000067606:ENST00000378567:exon4:c.A318G:p.P106P,ENSG00000067606:ENST00000503297:exon4:c.A180G:p.P60P","1p36.33",.,0.48,0.24,0.09,0.2,0.48,0.18,0.15,0.092,0.18,0.18,"0.153083","0.24","rs1878745","rs1878745",.,.,.,.,.,.,.,.,.,.,.,.,.,.,.,.,.,.,.,.,.,.,.,.,.,.,.,.,.,"0.14",.
chr1,2121118,2121118,C,T,"UTR3","C1orf86","NM_001256947:c.*98G>A,NM_182533:c.*30G>A,NM_001282670:c.*30G>A",.,.,"UTR3","ENSG00000162585","ENST00000378546:c.*30G>A,ENST00000378543:c.*98G>A,ENST00000378545:c.*30G>A,ENST00000440825:c.*314G>A",.,.,"1p36.33",.,0.88,0.69,0.62,0.64,0.88,0.61,0.6,0.58,0.61,0.5,"0.598107","0.69","rs2503701","rs2503701",.,.,.,.,.,.,.,.,.,.,.,.,.,.,.,.,.,.,.,.,.,.,.,.,.,.,.,.,.,.,.
chr1,2124345,2124345,-,TTG,"exonic","C1orf86",".","nonframeshift insertion","C1orf86:NM_001256946:exon4:c.539_540insCAA:p.K180delinsNK","exonic","ENSG00000162585",".","unknown","UNKNOWN","1p36.33",.,.,.,.,.,.,.,.,.,.,.,.,.,.,"rs142041547",.,.,.,.,.,.,.,.,.,.,.,.,.,.,.,.,.,.,.,.,.,.,.,.,.,.,.,.,.,.,.
chr1,2130234,2130234,C,T,"exonic","C1orf86",".","nonsynonymous SNV","C1orf86:NM_001282670:exon4:c.G194A:p.R65H","exonic","ENSG00000162585",".","nonsynonymous SNV","ENSG00000162585:ENST00000378545:exon1:c.G194A:p.R65H","1p36.33",.,0.01,0.01,0.002,0.01,.,0.01,.,.,.,.,.,"0.01",.,"rs142593122",0,D,.,.,.,.,.,.,1.000,N,.,.,0.58,T,-0.934,T,0.096,T,0.051,-0.064,3.687,-3.85,-2.228,-1.621,4.957,.,.,.,.,.,.
chr1,2144107,2144107,A,G,"UTR5","C1orf86","NM_001282670:c.-13680T>C",.,.,"ncRNA_UTR3","ENSG00000203301",".",.,.,"1p36.33",.,0.97,0.91,0.97,0.93,0.97,0.83,.,.,.,0.97,.,"0.91","rs2503715","rs2503715",.,.,.,.,.,.,.,.,.,.,.,.,.,.,.,.,.,.,.,.,.,.,.,.,.,.,.,.,.,.,.
chr1,2235325,2235325,G,A,"exonic","SKI",".","nonsynonymous SNV","SKI:NM_003036:exon4:c.G1258A:p.A420T","exonic","ENSG00000157933",".","nonsynonymous SNV","ENSG00000157933:ENST00000378536:exon4:c.G1258A:p.A420T","1p36.33",.,.,.,.,.,.,.,.,.,.,.,.,.,.,.,0.06,T,0.355,B,0.1,B,0.000,D,0.998,D,1.7,L,-3.85,D,0.659,D,0.790,D,0.254,5.056,30,4.61,2.264,6.060,16.791,.,.,.,"5.055538",.,.
chr1,2283117,2283117,C,T,"ncRNA_exonic","LOC100129534",".",.,.,"ncRNA_exonic","ENSG00000238240,ENSG00000269896",".",.,.,"1p36.33",.,0.2,0.11,0.06,0.11,0.03,0.2,.,.,.,0.087,.,"0.11","rs4648831","rs4648831",.,.,.,.,.,.,.,.,.,.,.,.,.,.,.,.,.,.,.,.,.,.,.,.,.,.,.,.,.,.,.
chr1,2340200,2340200,T,C,"exonic","PEX10",".","synonymous SNV","PEX10:NM_002617:exon3:c.A291G:p.T97T,PEX10:NM_153818:exon3:c.A291G:p.T97T","exonic","ENSG00000157911",".","synonymous SNV","ENSG00000157911:ENST00000288774:exon3:c.A291G:p.T97T,ENSG00000157911:ENST00000447513:exon3:c.A291G:p.T97T,ENSG00000157911:ENST00000507596:exon3:c.A291G:p.T97T,ENSG00000157911:ENST00000510434:exon3:c.A291G:p.T97T","1p36.32",.,0.82,0.73,0.57,0.75,0.76,0.79,0.74,0.6,0.82,0.54,"0.743811","0.73","rs2494598","rs2494598",.,.,.,.,.,.,.,.,.,.,.,.,.,.,.,.,.,.,.,.,.,.,.,.,.,.,.,.,.,"0.74","CLINSIG=probable-non-pathogenic;CLNDBN=not_specified;CLNREVSTAT=single;CLNACC=RCV000117902.2;CLNDSDB=.;CLNDSDBID=."
chr1,2432749,2432749,G,A,"intronic","PLCH2",".",.,.,"intronic","ENSG00000149527",".",.,.,"1p36.32",.,0.48,0.32,0.48,0.28,0.4,0.19,.,.,.,0.36,.,"0.32","rs12096577","rs12096577",.,.,.,.,.,.,.,.,.,.,.,.,.,.,.,.,.,.,.,.,.,.,.,.,.,.,.,.,.,.,.
chr1,2433900,2433900,C,T,"intronic","PLCH2",".",.,.,"exonic","ENSG00000149527",".","nonsynonymous SNV","ENSG00000149527:ENST00000288766:exon7:c.C875T:p.P292L,ENSG00000149527:ENST00000449969:exon21:c.C2930T:p.P977L","1p36.32",.,0.55,0.45,0.23,0.48,0.55,0.51,.,.,.,0.34,.,"0.45","rs12736998","rs12736998",0.31,T,0.007,B,0.003,B,.,.,1.000,P,.,.,1.87,T,-0.925,T,0.000,T,0.077,0.158,4.852,1.31,-0.289,-0.731,8.026,.,.,.,.,.,.
chr1,2444226,2444226,C,T,"intronic","PANK4",".",.,.,"intronic","ENSG00000157881",".",.,.,"1p36.32",.,0.69,0.39,0.69,0.32,0.42,0.2,.,.,.,0.48,.,"0.39","rs744112","rs744112",.,.,.,.,.,.,.,.,.,.,.,.,.,.,.,.,.,.,.,.,.,.,.,.,.,.,.,.,.,.,.
chr1,2444414,2444414,G,A,"exonic","PANK4",".","nonsynonymous SNV","PANK4:NM_018216:exon13:c.C1640T:p.A547V","exonic","ENSG00000157881",".","nonsynonymous SNV","ENSG00000157881:ENST00000502512:exon3:c.C203T:p.A68V,ENSG00000157881:ENST00000378466:exon13:c.C1640T:p.A547V,ENSG00000157881:ENST00000435556:exon13:c.C1523T:p.A508V","1p36.32",.,0.38,0.28,0.02,0.32,0.35,0.38,0.27,0.072,0.37,0.21,"0.272112","0.28","rs7535528","rs7535528",0.02,D,0.769,P,0.119,B,0.364,N,1.000,P,1.585,L,3.19,T,-0.867,T,0.000,T,0.359,1.822,12.05,5.59,2.635,3.927,18.568,.,.,.,.,"0.43",.
chr1,2487663,2487663,C,A,"ncRNA_exonic","LOC115110",".",.,.,"ncRNA_exonic","ENSG00000238164",".",.,.,"1p36.32",.,0.7,0.53,0.7,0.52,0.48,0.48,.,.,.,0.59,.,"0.53","rs2227312","rs2227312",.,.,.,.,.,.,.,.,.,.,.,.,.,.,.,.,.,.,.,.,.,.,.,.,.,.,.,.,.,.,.
chr1,2487766,2487766,T,C,"ncRNA_exonic","LOC115110",".",.,.,"ncRNA_exonic","ENSG00000238164",".",.,.,"1p36.32",.,0.72,0.55,0.72,0.55,0.48,0.49,.,.,.,0.6,.,"0.55","rs2227313","rs2227313",.,.,.,.,.,.,.,.,.,.,.,.,.,.,.,.,.,.,.,.,.,.,.,.,.,.,.,.,.,.,.
chr1,2488153,2488153,A,G,"exonic","TNFRSF14",".","nonsynonymous SNV","TNFRSF14:NM_001297605:exon1:c.A50G:p.K17R,TNFRSF14:NM_003820:exon1:c.A50G:p.K17R","exonic","ENSG00000157873",".","nonsynonymous SNV","ENSG00000157873:ENST00000355716:exon1:c.A50G:p.K17R,ENSG00000157873:ENST00000409119:exon2:c.A50G:p.K17R,ENSG00000157873:ENST00000426449:exon2:c.A50G:p.K17R,ENSG00000157873:ENST00000434817:exon2:c.A50G:p.K17R,ENSG00000157873:ENST00000435221:exon2:c.A50G:p.K17R,ENSG00000157873:ENST00000451778:exon2:c.A50G:p.K17R","1p36.32",.,0.74,0.55,0.74,0.53,0.48,0.47,0.56,0.73,0.47,0.53,"0.558027","0.55","rs4870","rs4870",0.43,T,0.61,P,0.159,B,.,.,1.000,P,1.61,L,-2.17,D,-0.931,T,0.000,T,0.176,1.438,10.75,-1.09,-0.205,-0.251,7.533,.,.,.,.,"0.38",.
chr1,2490898,2490898,C,A,"intronic","TNFRSF14",".",.,.,"intronic","ENSG00000157873",".",.,.,"1p36.32",.,0.79,0.57,0.79,0.56,0.52,0.48,.,.,.,0.6,.,"0.57","rs2257763","rs2257763",.,.,.,.,.,.,.,.,.,.,.,.,.,.,.,.,.,.,.,.,.,.,.,.,.,.,.,.,.,.,.
chr1,2490942,2490942,C,A,"intronic","TNFRSF14",".",.,.,"intronic","ENSG00000157873",".",.,.,"1p36.32",.,0.68,0.54,0.68,0.54,0.48,0.48,.,.,.,0.58,.,"0.54","rs2281852","rs2281852",.,.,.,.,.,.,.,.,.,.,.,.,.,.,.,.,.,.,.,.,.,.,.,.,.,.,.,.,.,.,.
chr1,2491205,2491205,C,T,"intronic","TNFRSF14",".",.,.,"intronic","ENSG00000157873",".",.,.,"1p36.32",.,0.8,0.58,0.8,0.56,0.52,0.49,.,.,.,0.62,.,"0.58","rs2234161","rs2234161",.,.,.,.,.,.,.,.,.,.,.,.,.,.,.,.,.,.,.,.,.,.,.,.,.,.,.,.,.,.,.
chr1,2494785,2494785,G,A,"UTR3","TNFRSF14","NM_001297605:c.*227G>A,NM_003820:c.*73G>A",.,.,"UTR3","ENSG00000157873","ENST00000355716:c.*73G>A",.,.,"1p36.32",.,0.75,0.57,0.75,0.56,0.52,0.5,.,.,.,0.61,.,"0.57","rs8725","rs8725",.,.,.,.,.,.,.,.,.,.,.,.,.,.,.,.,.,.,.,.,.,.,.,.,.,.,.,.,.,.,.
chr1,2496582,2496582,G,C,"UTR3","TNFRSF14","NM_001297605:c.*2024G>C,NM_003820:c.*1870G>C",.,.,"intergenic","ENSG00000157873,ENSG00000225931","dist=1314;dist=1267",.,.,"1p36.32",.,1.,0.99,1.,0.99,1.,0.98,.,.,.,0.7,.,"0.99","rs2843396","rs2843396",.,.,.,.,.,.,.,.,.,.,.,.,.,.,.,.,.,.,.,.,.,.,.,.,.,.,.,.,.,.,.
chr1,2496649,2496649,C,G,"UTR3","TNFRSF14","NM_001297605:c.*2091C>G,NM_003820:c.*1937C>G",.,.,"intergenic","ENSG00000157873,ENSG00000225931","dist=1381;dist=1200",.,.,"1p36.32",.,0.69,0.54,0.69,0.54,0.52,0.48,.,.,.,0.52,.,"0.54","rs7544646","rs7544646",.,.,.,.,.,.,.,.,.,.,.,.,.,.,.,.,.,.,.,.,.,.,.,.,.,.,.,.,.,.,.
chr1,2496653,2496653,A,G,"UTR3","TNFRSF14","NM_001297605:c.*2095A>G,NM_003820:c.*1941A>G",.,.,"intergenic","ENSG00000157873,ENSG00000225931","dist=1385;dist=1196",.,.,"1p36.32",.,0.87,0.6,0.87,0.58,0.52,0.5,.,.,.,0.64,.,"0.60","rs7515633","rs7515633",.,.,.,.,.,.,.,.,.,.,.,.,.,.,.,.,.,.,.,.,.,.,.,.,.,.,.,.,.,.,.
chr1,2520302,2520302,T,C,"intronic","FAM213B",".",.,.,"intronic","ENSG00000157870",".",.,.,"1p36.32",.,0.79,0.5,0.79,0.45,0.48,0.33,.,.,.,0.56,.,"0.50","rs6667564","rs6667564",.,.,.,.,.,.,.,.,.,.,.,.,.,.,.,.,.,.,.,.,.,.,.,.,.,.,.,.,.,"0.26",.
chr1,2522392,2522392,G,A,"UTR3","FAM213B,MMEL1","NM_001195741:c.*1526G>A,NM_152371:c.*1526G>A,NM_001195740:c.*1526G>A,NM_001195738:c.*1539G>A,NM_001195737:c.*1526G>A,NM_001195736:c.*1526G>A;NM_033467:c.*37C>T",.,.,"UTR3","ENSG00000142606,ENSG00000157870","ENST00000471840:c.*37C>T,ENST00000288709:c.*37C>T,ENST00000378412:c.*37C>T,ENST00000504800:c.*570C>T,ENST00000502556:c.*37C>T;ENST00000419916:c.*1526G>A,ENST00000378424:c.*1539G>A,ENST00000378427:c.*1539G>A,ENST00000378425:c.*1526G>A,ENST00000444521:c.*1526G>A",.,.,"1p36.32",.,0.33,0.24,0.02,0.25,0.33,0.32,0.24,0.063,0.33,0.24,"0.240744","0.24","rs2296443","rs2296443",.,.,.,.,.,.,.,.,.,.,.,.,.,.,.,.,.,.,.,.,.,.,.,.,.,.,.,.,.,.,.
chr1,2523212,2523212,G,C,"intronic","MMEL1",".",.,.,"intronic","ENSG00000142606",".",.,.,"1p36.32",.,0.59,0.43,0.59,0.41,0.48,0.31,.,.,.,0.36,.,"0.43","rs876938","rs876938",.,.,.,.,.,.,.,.,.,.,.,.,.,.,.,.,.,.,.,.,.,.,.,.,.,.,.,.,.,.,.
chr1,2524205,2524205,C,T,"intronic","MMEL1",".",.,.,"intronic","ENSG00000142606",".",.,.,"1p36.32",.,0.58,0.43,0.58,0.42,0.47,0.31,0.4,0.57,0.32,0.42,"0.403538","0.43","rs745368","rs745368",.,.,.,.,.,.,.,.,.,.,.,.,.,.,.,.,.,.,.,.,.,.,.,.,.,.,.,.,.,.,.
chr1,2526746,2526746,A,G,"exonic","MMEL1",".","nonsynonymous SNV","MMEL1:NM_033467:exon16:c.T1553C:p.M518T","exonic","ENSG00000142606",".","nonsynonymous SNV","ENSG00000142606:ENST00000502556:exon11:c.T1082C:p.M361T,ENSG00000142606:ENST00000504800:exon15:c.T1553C:p.M518T,ENSG00000142606:ENST00000288709:exon16:c.T1526C:p.M509T,ENSG00000142606:ENST00000378412:exon16:c.T1553C:p.M518T","1p36.32",.,0.71,0.48,0.71,0.46,0.49,0.33,0.45,0.68,0.34,0.52,"0.453175","0.48","rs3748816","rs3748816",0.77,T,0.0,B,0.0,B,0.090,N,1.000,P,-1.495,N,-1.51,D,-1.028,T,0.000,T,0.038,-2.756,0,-5.48,-1.671,-3.199,2.161,"Name=Celiac disease",.,.,.,"0.27",.
chr1,2535613,2535613,C,A,"exonic","MMEL1",".","synonymous SNV","MMEL1:NM_033467:exon10:c.G924T:p.V308V","exonic","ENSG00000142606",".","synonymous SNV","ENSG00000142606:ENST00000504800:exon9:c.G924T:p.V308V,ENSG00000142606:ENST00000288709:exon10:c.G897T:p.V299V,ENSG00000142606:ENST00000378412:exon10:c.G924T:p.V308V","1p36.32",.,0.59,0.43,0.59,0.41,0.47,0.31,0.4,0.57,0.32,0.45,"0.403645","0.43","rs4648562","rs4648562",.,.,.,.,.,.,.,.,0.000,P,.,.,.,.,.,.,.,.,.,-0.946,0.350,3.52,0.930,0.369,2.464,.,.,.,.,"0.16",.
chr1,2541269,2541269,A,G,"exonic","MMEL1",".","synonymous SNV","MMEL1:NM_033467:exon5:c.T294C:p.A98A","exonic","ENSG00000142606",".","synonymous SNV","ENSG00000142606:ENST00000502556:exon4:c.T294C:p.A98A,ENSG00000142606:ENST00000504800:exon4:c.T294C:p.A98A,ENSG00000142606:ENST00000288709:exon5:c.T267C:p.A89A,ENSG00000142606:ENST00000378412:exon5:c.T294C:p.A98A","1p36.32",.,0.67,0.47,0.67,0.45,0.48,0.33,0.44,0.66,0.33,0.51,"0.441258","0.47","rs10797440","rs10797440",.,.,.,.,.,.,.,.,.,.,.,.,.,.,.,.,.,.,.,.,.,.,.,.,.,.,.,.,.,"0.23",.
chr1,2560882,2560882,G,A,"exonic","MMEL1",".","synonymous SNV","MMEL1:NM_033467:exon2:c.C42T:p.A14A","exonic","ENSG00000142606",".","synonymous SNV","ENSG00000142606:ENST00000502556:exon1:c.C42T:p.A14A,ENSG00000142606:ENST00000504800:exon1:c.C42T:p.A14A,ENSG00000142606:ENST00000288709:exon2:c.C15T:p.A5A,ENSG00000142606:ENST00000378412:exon2:c.C42T:p.A14A","1p36.32",.,0.71,0.53,0.29,0.54,0.52,0.67,0.59,0.37,0.71,0.26,"0.590494","0.53","rs4648658","rs4648658",.,.,.,.,.,.,.,.,.,.,.,.,.,.,.,.,.,.,.,.,.,.,.,.,.,.,.,.,.,.,.
chr1,2560903,2560903,T,G,"exonic","MMEL1",".","synonymous SNV","MMEL1:NM_033467:exon2:c.A21C:p.P7P","exonic","ENSG00000142606",".","synonymous SNV","ENSG00000142606:ENST00000502556:exon1:c.A21C:p.P7P,ENSG00000142606:ENST00000504800:exon1:c.A21C:p.P7P,ENSG00000142606:ENST00000378412:exon2:c.A21C:p.P7P","1p36.32",.,0.72,0.57,0.44,0.58,0.53,0.69,0.64,0.5,0.72,0.33,"0.640413","0.57","rs4648659","rs4648659",.,.,.,.,.,.,.,.,.,.,.,.,.,.,.,.,.,.,.,.,.,.,.,.,.,.,.,.,.,.,.
chr1,2564012,2564012,G,A,"intronic","MMEL1",".",.,.,"ncRNA_exonic","ENSG00000237058",".",.,.,"1p36.32",.,0.62,0.37,0.62,0.3,0.47,0.17,.,.,.,0.46,.,"0.37","rs11486042","rs11486042",.,.,.,.,.,.,.,.,.,.,.,.,.,.,.,.,.,.,.,.,.,.,.,.,.,.,.,.,.,.,.
chr1,2570023,2570023,A,G,"intergenic","MMEL1,TTC34","dist=5542;dist=2784",.,.,"intronic","ENSG00000215912",".",.,.,"1p36.32",.,0.69,0.58,0.47,0.58,0.52,0.69,.,.,.,0.59,.,"0.58","rs4648565","rs4648565",.,.,.,.,.,.,.,.,.,.,.,.,.,.,.,.,.,.,.,.,.,.,.,.,.,.,.,.,.,.,.
chr1,2983963,2983963,G,A,"ncRNA_exonic","LINC00982",".",.,.,"ncRNA_exonic","ENSG00000177133",".",.,.,"1p36.32",.,0.34,0.21,0.03,0.23,0.19,0.34,.,.,.,0.14,.,"0.21","rs2297828","rs2297828",.,.,.,.,.,.,.,.,.,.,.,.,.,.,.,.,.,.,.,.,.,.,.,.,.,.,.,.,.,.,.
chr1,2984087,2984087,C,A,"ncRNA_exonic","LINC00982",".",.,.,"ncRNA_exonic","ENSG00000177133",".",.,.,"1p36.32",.,0.4,0.32,0.15,0.35,0.4,0.35,.,.,.,0.23,.,"0.32","rs2297829","rs2297829",.,.,.,.,.,.,.,.,.,.,.,.,.,.,.,.,.,.,.,.,.,.,.,.,.,.,.,.,.,.,.
chr1,3328358,3328358,T,C,"exonic","PRDM16",".","nonsynonymous SNV","PRDM16:NM_022114:exon9:c.T1597C:p.S533P,PRDM16:NM_199454:exon9:c.T1597C:p.S533P","exonic","ENSG00000142611",".","nonsynonymous SNV","ENSG00000142611:ENST00000509860:exon5:c.T1024C:p.S342P,ENSG00000142611:ENST00000270722:exon9:c.T1597C:p.S533P,ENSG00000142611:ENST00000378391:exon9:c.T1597C:p.S533P,ENSG00000142611:ENST00000441472:exon9:c.T1597C:p.S533P,ENSG00000142611:ENST00000442529:exon9:c.T1597C:p.S533P,ENSG00000142611:ENST00000511072:exon9:c.T1600C:p.S534P,ENSG00000142611:ENST00000514189:exon9:c.T1600C:p.S534P,ENSG00000142611:ENST00000378398:exon10:c.T1600C:p.S534P","1p36.32",.,1.,0.93,0.99,0.87,1.,0.86,0.88,0.97,0.84,0.91,"0.877738","0.93","rs870124","rs870124",0.53,T,0.0,B,0.0,B,0.005,N,0.821,P,-0.55,N,3.42,T,-0.955,T,0.000,T,0.028,-0.285,2.636,5.33,1.290,1.977,14.274,.,.,.,.,"0.76",.
chr1,3388269,3388269,G,A,"intronic","ARHGEF16",".",.,.,"exonic","ENSG00000130762",".","synonymous SNV","ENSG00000130762:ENST00000413250:exon1:c.G48A:p.A16A,ENSG00000130762:ENST00000418137:exon1:c.G48A:p.A16A","1p36.32",.,0.06,0.03,0.0041,0.02,.,0.06,.,.,.,0.011,.,"0.03","rs77768688","rs77768688",.,.,.,.,.,.,.,.,.,.,.,.,.,.,.,.,.,.,.,.,.,.,.,.,.,.,.,.,.,.,.
chr1,3389727,3389727,C,T,"exonic","ARHGEF16",".","nonsynonymous SNV","ARHGEF16:NM_014448:exon7:c.C1108T:p.H370Y","exonic","ENSG00000130762",".","nonsynonymous SNV","ENSG00000130762:ENST00000413250:exon2:c.C220T:p.H74Y,ENSG00000130762:ENST00000418137:exon2:c.C220T:p.H74Y,ENSG00000130762:ENST00000445297:exon3:c.C244T:p.H82Y,ENSG00000130762:ENST00000378371:exon4:c.C244T:p.H82Y,ENSG00000130762:ENST00000378373:exon5:c.C244T:p.H82Y,ENSG00000130762:ENST00000378378:exon7:c.C1108T:p.H370Y","1p36.32",.,0.88,0.69,0.38,0.73,0.69,0.88,0.74,0.47,0.87,0.61,"0.735353","0.69","rs2185639","rs2185639",0.71,T,0.011,B,0.038,B,0.000,D,0.000,P,1.355,L,0.07,T,-0.940,T,0.000,T,0.255,0.546,6.952,3.43,2.269,2.105,7.811,.,.,.,.,"0.82",.
chr1,3390238,3390238,T,A,"intronic","ARHGEF16",".",.,.,"intronic","ENSG00000130762",".",.,.,"1p36.32",.,1.,0.97,0.89,0.99,1.,1.,.,.,.,0.96,.,"0.97","rs2493323","rs2493323",.,.,.,.,.,.,.,.,.,.,.,.,.,.,.,.,.,.,.,.,.,.,.,.,.,.,.,.,.,.,.
chr1,3394456,3394456,T,C,"exonic","ARHGEF16",".","synonymous SNV","ARHGEF16:NM_014448:exon11:c.T1491C:p.S497S","exonic","ENSG00000130762",".","synonymous SNV","ENSG00000130762:ENST00000413250:exon6:c.T603C:p.S201S,ENSG00000130762:ENST00000378371:exon8:c.T627C:p.S209S,ENSG00000130762:ENST00000378373:exon9:c.T627C:p.S209S,ENSG00000130762:ENST00000378378:exon11:c.T1491C:p.S497S","1p36.32",.,1.,0.97,0.89,0.99,1.,1.,0.97,0.91,1.,0.86,"0.968445","0.97","rs4638054","rs4638054",.,.,.,.,.,.,.,.,.,.,.,.,.,.,.,.,.,.,.,.,.,.,.,.,.,.,.,.,.,"0.98",.
chr1,3394640,3394640,A,G,"intronic","ARHGEF16",".",.,.,"intronic","ENSG00000130762",".",.,.,"1p36.32",.,0.94,0.88,0.79,0.91,0.88,0.94,0.91,0.85,0.94,0.76,"0.912456","0.88","rs4422946","rs4422946",.,.,.,.,.,.,.,.,.,.,.,.,.,.,.,.,.,.,.,.,.,.,.,.,.,.,.,.,.,.,.
chr1,3394674,3394674,T,C,"intronic","ARHGEF16",".",.,.,"intronic","ENSG00000130762",".",.,.,"1p36.32",.,1.,0.97,0.89,0.99,1.,1.,.,.,.,0.96,.,"0.97","rs4534324","rs4534324",.,.,.,.,.,.,.,.,.,.,.,.,.,.,.,.,.,.,.,.,.,.,.,.,.,.,.,.,.,.,.
chr1,3395039,3395039,G,A,"exonic","ARHGEF16",".","synonymous SNV","ARHGEF16:NM_014448:exon12:c.G1677A:p.V559V","exonic","ENSG00000130762",".","synonymous SNV","ENSG00000130762:ENST00000413250:exon7:c.G789A:p.V263V,ENSG00000130762:ENST00000378371:exon9:c.G813A:p.V271V,ENSG00000130762:ENST00000378373:exon10:c.G813A:p.V271V,ENSG00000130762:ENST00000378378:exon12:c.G1677A:p.V559V","1p36.32",.,0.88,0.69,0.38,0.73,0.69,0.88,0.73,0.47,0.87,0.6,"0.734238","0.69","rs10797395","rs10797395",.,.,.,.,.,.,.,.,.,.,.,.,.,.,.,.,.,.,.,.,.,.,.,.,.,.,.,.,.,"0.81",.
chr1,3397062,3397062,G,A,"exonic","ARHGEF16",".","nonsynonymous SNV","ARHGEF16:NM_014448:exon15:c.G2041A:p.E681K","exonic","ENSG00000130762",".","nonsynonymous SNV","ENSG00000130762:ENST00000413250:exon10:c.G1153A:p.E385K,ENSG00000130762:ENST00000378371:exon12:c.G1177A:p.E393K,ENSG00000130762:ENST00000378373:exon13:c.G1177A:p.E393K,ENSG00000130762:ENST00000378378:exon15:c.G2041A:p.E681K","1p36.32",.,0.043,0.03,0.04,0.03,.,0.04,0.025,0.03,0.023,0.043,"0.025308","0.03","rs56309807","rs56309807",0.83,T,0.188,B,0.108,B,0.000,D,0.997,D,0.94,L,0.86,T,-1.108,T,0.024,T,0.162,0.394,6.140,4.14,1.129,2.935,14.872,.,.,.,.,"0.025",.
chr1,3397188,3397188,T,C,"UTR3","ARHGEF16","NM_014448:c.*37T>C",.,.,"UTR3","ENSG00000130762","ENST00000378378:c.*37T>C,ENST00000378373:c.*37T>C,ENST00000378371:c.*37T>C,ENST00000413250:c.*37T>C",.,.,"1p36.32",.,1.,0.99,0.97,1.,1.,1.,0.99,0.98,1.,0.99,"0.992714","0.99","rs2487677","rs2487677",.,.,.,.,.,.,.,.,.,.,.,.,.,.,.,.,.,.,.,.,.,.,.,.,.,.,.,.,.,"0.46",.
chr1,3397564,3397564,C,T,"UTR3","ARHGEF16","NM_014448:c.*413C>T",.,.,"UTR3","ENSG00000130762","ENST00000378378:c.*413C>T,ENST00000378373:c.*413C>T,ENST00000378371:c.*413C>T",.,.,"1p36.32",.,0.88,0.69,0.36,0.73,0.69,0.88,.,.,.,0.58,.,"0.69","rs1051517","rs1051517",.,.,.,.,.,.,.,.,.,.,.,.,.,.,.,.,.,.,.,.,.,.,.,.,.,.,.,.,.,.,.
chr1,3414105,3414105,C,T,"intronic","MEGF6",".",.,.,"exonic","ENSG00000162591",".","nonsynonymous SNV","ENSG00000162591:ENST00000485002:exon27:c.G3454A:p.G1152R","1p36.32",.,0.47,0.32,0.2,0.38,0.2,0.47,.,.,.,0.27,.,"0.32","rs10909951","rs10909951",.,.,.,.,.,.,.,.,.,.,.,.,.,.,.,.,.,.,.,.,.,.,.,.,.,.,.,.,.,.,.
chr1,3416449,3416449,C,A,"exonic","MEGF6",".","nonsynonymous SNV","MEGF6:NM_001409:exon22:c.G2747T:p.R916L","exonic","ENSG00000162591",".","nonsynonymous SNV","ENSG00000162591:ENST00000294599:exon19:c.G2432T:p.R811L,ENSG00000162591:ENST00000356575:exon22:c.G2747T:p.R916L,ENSG00000162591:ENST00000485002:exon22:c.G2768T:p.R923L","1p36.32",.,0.78,0.57,0.37,0.62,0.46,0.78,0.64,0.41,0.75,0.47,"0.637420","0.57","rs7553399","rs7553399",0.61,T,0.045,B,0.098,B,0.683,N,1.000,P,1.465,L,-0.28,T,-0.976,T,0.000,T,0.355,1.266,10.13,-4.22,-1.012,-1.621,10.162,.,.,.,.,"0.36",.
chr1,3511934,3511934,A,G,"exonic","MEGF6",".","nonsynonymous SNV","MEGF6:NM_001409:exon3:c.T344C:p.M115T","exonic","ENSG00000162591",".","nonsynonymous SNV","ENSG00000162591:ENST00000356575:exon3:c.T344C:p.M115T,ENSG00000162591:ENST00000485002:exon3:c.T344C:p.M115T","1p36.32",.,0.31,0.2,0.21,0.17,0.31,0.11,0.16,0.19,0.14,0.13,"0.156890","0.20","rs7513275","rs7513275",0.92,T,0.0,B,0.0,B,0.702,N,0.000,P,-0.205,N,-1.75,D,-1.101,T,0.000,T,0.051,-1.711,0.011,-0.333,-0.170,0.713,2.150,.,.,.,.,"0.16",.
chr1,3548542,3548542,T,C,"intronic","WRAP73",".",.,.,"intronic","ENSG00000116213",".",.,.,"1p36.32",.,0.56,0.41,0.56,0.3,0.5,0.3,.,.,.,0.43,.,"0.41","rs2244942","rs2244942",.,.,.,.,.,.,.,.,.,.,.,.,.,.,.,.,.,.,.,.,.,.,.,.,.,.,.,.,.,.,.
chr1,3549852,3549852,G,A,"intronic","WRAP73",".",.,.,"intronic","ENSG00000116213",".",.,.,"1p36.32",.,0.54,0.4,0.54,0.3,0.5,0.28,.,.,.,0.49,.,"0.40","rs2273954","rs2273954",.,.,.,.,.,.,.,.,.,.,.,.,.,.,.,.,.,.,.,.,.,.,.,.,.,.,.,.,.,.,.
chr1,3550690,3550690,A,G,"intronic","WRAP73",".",.,.,"intronic","ENSG00000116213",".",.,.,"1p36.32",.,0.37,0.16,0.37,0.11,0.18,0.04,.,.,.,0.26,.,"0.16","rs72855490","rs72855490",.,.,.,.,.,.,.,.,.,.,.,.,.,.,.,.,.,.,.,.,.,.,.,.,.,.,.,.,.,.,.
chr1,3551792,3551792,G,A,"exonic","WRAP73",".","synonymous SNV","WRAP73:NM_017818:exon7:c.C670T:p.L224L","exonic","ENSG00000116213",".","synonymous SNV","ENSG00000116213:ENST00000270708:exon7:c.C670T:p.L224L,ENSG00000116213:ENST00000378322:exon7:c.C670T:p.L224L,ENSG00000116213:ENST00000465916:exon7:c.C472T:p.L158L","1p36.32",.,0.18,0.07,0.002,0.07,0.18,0.04,0.031,0.0093,0.042,0.043,"0.031216","0.07","rs2296034","rs2296034",.,.,.,.,.,.,.,.,.,.,.,.,.,.,.,.,.,.,.,.,.,.,.,.,.,.,.,.,.,"0.057",.
chr1,3552780,3552780,A,G,"intronic","WRAP73",".",.,.,"intronic","ENSG00000116213",".",.,.,"1p36.32",.,1.,0.96,0.97,0.88,1.,0.95,.,.,.,0.99,.,"0.96","rs2821061","rs2821061",.,.,.,.,.,.,.,.,.,.,.,.,.,.,.,.,.,.,.,.,.,.,.,.,.,.,.,.,.,.,.
chr1,3555870,3555870,T,G,"intronic","WRAP73",".",.,.,"intronic","ENSG00000116213",".",.,.,"1p36.32",.,1.,0.96,0.97,0.88,1.,0.95,.,.,.,0.99,.,"0.96","rs2760318","rs2760318",.,.,.,.,.,.,.,.,.,.,.,.,.,.,.,.,.,.,.,.,.,.,.,.,.,.,.,.,.,.,.
chr1,3638674,3638674,C,T,"exonic","TP73",".","synonymous SNV","TP73:NM_001126240:exon3:c.C372T:p.T124T,TP73:NM_001126241:exon3:c.C372T:p.T124T,TP73:NM_001126242:exon3:c.C372T:p.T124T,TP73:NM_001204189:exon3:c.C372T:p.T124T,TP73:NM_001204190:exon3:c.C372T:p.T124T,TP73:NM_001204191:exon3:c.C372T:p.T124T,TP73:NM_001204192:exon3:c.C306T:p.T102T,TP73:NM_001204184:exon5:c.C519T:p.T173T,TP73:NM_001204185:exon5:c.C519T:p.T173T,TP73:NM_001204186:exon5:c.C519T:p.T173T,TP73:NM_001204187:exon5:c.C519T:p.T173T,TP73:NM_001204188:exon5:c.C519T:p.T173T,TP73:NM_005427:exon5:c.C519T:p.T173T","exonic","ENSG00000078900",".","synonymous SNV","ENSG00000078900:ENST00000378280:exon3:c.C372T:p.T124T,ENSG00000078900:ENST00000378285:exon3:c.C372T:p.T124T,ENSG00000078900:ENST00000378288:exon3:c.C372T:p.T124T,ENSG00000078900:ENST00000378290:exon3:c.C306T:p.T102T,ENSG00000078900:ENST00000603362:exon4:c.C519T:p.T173T,ENSG00000078900:ENST00000604479:exon4:c.C519T:p.T173T,ENSG00000078900:ENST00000346387:exon5:c.C519T:p.T173T,ENSG00000078900:ENST00000354437:exon5:c.C519T:p.T173T,ENSG00000078900:ENST00000357733:exon5:c.C519T:p.T173T,ENSG00000078900:ENST00000378295:exon5:c.C519T:p.T173T,ENSG00000078900:ENST00000604074:exon5:c.C519T:p.T173T","1p36.32",.,0.91,0.75,0.79,0.75,0.51,0.91,0.85,0.77,0.89,0.79,"0.849462","0.75","rs1801174","rs1801174",.,.,.,.,.,.,.,.,.,.,.,.,.,.,.,.,.,.,.,.,.,.,.,.,.,.,.,.,.,"0.91",.
chr1,3662208,3662208,G,T,"ncRNA_exonic","TP73-AS1",".",.,.,"ncRNA_exonic","ENSG00000227372",".",.,.,"1p36.32",.,0.01,0.0041,.,.,.,0.01,.,.,.,.,.,"0.0041",.,.,.,.,.,.,.,.,.,.,.,.,.,.,.,.,.,.,.,.,.,.,.,.,.,.,.,.,.,.,.,.,.
chr1,3753136,3753136,A,T,"exonic","CEP104",".","nonsynonymous SNV","CEP104:NM_014704:exon10:c.T1240A:p.L414I","exonic","ENSG00000116198",".","nonsynonymous SNV","ENSG00000116198:ENST00000443466:exon3:c.T322A:p.L108I,ENSG00000116198:ENST00000378230:exon10:c.T1240A:p.L414I","1p36.32",.,0.45,0.34,0.09,0.45,0.35,0.43,0.33,0.12,0.43,0.26,"0.329002","0.34","rs2275824","rs2275824",0.3,T,0.022,B,0.018,B,0.863,N,1.000,P,0,N,2.35,T,-0.898,T,0.000,T,0.2,2.179,13.24,-3.25,-0.328,-0.281,2.575,.,.,.,.,"0.47",.
chr1,3755675,3755675,T,C,"exonic","CEP104",".","synonymous SNV","CEP104:NM_014704:exon8:c.A744G:p.E248E","exonic","ENSG00000116198",".","synonymous SNV","ENSG00000116198:ENST00000428079:exon7:c.A570G:p.E190E,ENSG00000116198:ENST00000378230:exon8:c.A744G:p.E248E","1p36.32",.,0.95,0.8,0.91,0.85,0.49,0.94,0.94,0.91,0.95,0.83,"0.939566","0.80","rs1891941","rs1891941",.,.,.,.,.,.,.,.,.,.,.,.,.,.,.,.,.,.,.,.,.,.,.,.,.,.,.,.,.,"0.98",.
chr1,3761479,3761479,C,T,"exonic","CEP104",".","synonymous SNV","CEP104:NM_014704:exon6:c.G558A:p.T186T","exonic","ENSG00000116198",".","synonymous SNV","ENSG00000116198:ENST00000428079:exon5:c.G384A:p.T128T,ENSG00000116198:ENST00000378223:exon6:c.G558A:p.T186T,ENSG00000116198:ENST00000378230:exon6:c.G558A:p.T186T","1p36.32",.,0.46,0.37,0.26,0.46,0.35,0.43,0.38,0.26,0.43,0.38,"0.376672","0.37","rs2275822","rs2275822",.,.,.,.,.,.,.,.,.,.,.,.,.,.,.,.,.,.,.,.,.,.,.,.,.,.,.,.,.,"0.46",.
chr1,3786189,3786189,G,A,"exonic","DFFB",".","synonymous SNV","DFFB:NM_001282669:exon5:c.G603A:p.T201T,DFFB:NM_004402:exon5:c.G531A:p.T177T","exonic","ENSG00000169598",".","synonymous SNV","ENSG00000169598:ENST00000338895:exon5:c.G531A:p.T177T,ENSG00000169598:ENST00000378209:exon5:c.G531A:p.T177T,ENSG00000169598:ENST00000491998:exon5:c.G531A:p.T177T","1p36.32",.,0.37,0.23,0.15,0.25,0.12,0.36,0.31,0.18,0.37,0.22,"0.306858","0.23","rs1141070","rs1141070",.,.,.,.,.,.,.,.,.,.,.,.,.,.,.,.,.,.,.,.,.,.,.,.,.,.,.,.,.,"0.30",.
chr1,3807388,3807388,G,A,"exonic","C1orf174",".","synonymous SNV","C1orf174:NM_207356:exon3:c.C363T:p.L121L","exonic","ENSG00000198912",".","synonymous SNV","ENSG00000198912:ENST00000361605:exon3:c.C363T:p.L121L","1p36.32",.,0.24,0.13,0.2,0.15,0.01,0.17,0.2,0.24,0.18,0.12,"0.198831","0.13","rs4131373","rs4131373",.,.,.,.,.,.,.,.,.,.,.,.,.,.,.,.,.,.,.,.,.,.,.,.,.,.,.,.,.,"0.22",.
chr1,3807593,3807593,G,C,"exonic","C1orf174",".","nonsynonymous SNV","C1orf174:NM_207356:exon3:c.C158G:p.T53R","exonic","ENSG00000198912",".","nonsynonymous SNV","ENSG00000198912:ENST00000361605:exon3:c.C158G:p.T53R","1p36.32",.,1.,1.,1.,1.,1.,0.99,0.99,1.,0.99,1.,"0.994075","1.00","rs4274008","rs4274008",1,T,0.0,B,0.0,B,0.000,N,1.000,P,-1.895,N,3.42,T,-1.001,T,0.000,T,0.071,-1.993,0.007,4.36,0.620,0.103,5.550,.,.,.,.,"0.99",.
chr1,3808171,3808171,T,C,"intronic","C1orf174",".",.,.,"intronic","ENSG00000198912",".",.,.,"1p36.32",.,0.84,0.72,0.84,0.65,0.61,0.74,.,.,.,0.62,.,"0.72","rs6701422","rs6701422",.,.,.,.,.,.,.,.,.,.,.,.,.,.,.,.,.,.,.,.,.,.,.,.,.,.,.,.,.,.,.
chr1,3809326,3809326,C,T,"intronic","C1orf174",".",.,.,"intronic","ENSG00000198912",".",.,.,"1p36.32",.,0.27,0.15,0.27,0.15,0.01,0.17,.,.,.,0.17,.,"0.15","rs72849326","rs72849326",.,.,.,.,.,.,.,.,.,.,.,.,.,.,.,.,.,.,.,.,.,.,.,.,.,.,.,.,.,.,.
chr1,4013535,4013535,G,A,"downstream","LINC01346",".",.,.,"ncRNA_exonic","ENSG00000233304",".",.,.,"1p36.32",.,0.11,0.07,0.05,0.03,0.11,0.07,.,.,.,0.087,.,"0.07","rs12061407","rs12061407",.,.,.,.,.,.,.,.,.,.,.,.,.,.,.,.,.,.,.,.,.,.,.,.,.,.,.,.,.,.,.
